TURNSTILE_ID,DATE,NET_ENTRIES
N049-R084-01-00-00,2013-08-01,853.0
N049-R084-01-00-00,2013-08-02,783.0
N049-R084-01-00-00,2013-08-03,694.0
N049-R084-01-00-00,2013-08-04,757.0
N049-R084-01-00-00,2013-08-05,860.0
N049-R084-01-00-00,2013-08-06,946.0
N049-R084-01-00-00,2013-08-07,844.0
N049-R084-01-00-00,2013-08-08,908.0
N049-R084-01-00-00,2013-08-09,822.0
N049-R084-01-00-00,2013-08-10,813.0
N049-R084-01-00-00,2013-08-11,782.0
N049-R084-01-00-00,2013-08-12,796.0
N049-R084-01-00-00,2013-08-13,785.0
N049-R084-01-00-00,2013-08-14,919.0
N049-R084-01-00-00,2013-08-15,921.0
N049-R084-01-00-00,2013-08-16,993.0
N049-R084-01-00-00,2013-08-17,719.0
N049-R084-01-00-00,2013-08-18,650.0
N049-R084-01-00-00,2013-08-19,807.0
N049-R084-01-00-00,2013-08-20,878.0
N049-R084-01-00-00,2013-08-21,855.0
N049-R084-01-00-00,2013-08-22,744.0
N049-R084-01-00-00,2013-08-23,813.0
N049-R084-01-00-00,2013-08-24,772.0
N049-R084-01-00-00,2013-08-25,692.0
N049-R084-01-00-00,2013-08-26,843.0
N049-R084-01-00-00,2013-08-27,850.0
N049-R084-01-00-00,2013-08-28,870.0
N049-R084-01-00-00,2013-08-29,880.0
N049-R084-01-00-00,2013-08-30,981.0
N049-R084-01-00-00,2013-08-31,692.0
N049-R084-01-00-01,2013-08-01,913.0
N049-R084-01-00-01,2013-08-02,961.0
N049-R084-01-00-01,2013-08-03,720.0
N049-R084-01-00-01,2013-08-04,871.0
N049-R084-01-00-01,2013-08-05,1032.0
N049-R084-01-00-01,2013-08-06,1104.0
N049-R084-01-00-01,2013-08-07,1008.0
N049-R084-01-00-01,2013-08-08,992.0
N049-R084-01-00-01,2013-08-09,945.0
N049-R084-01-00-01,2013-08-10,857.0
N049-R084-01-00-01,2013-08-11,842.0
N049-R084-01-00-01,2013-08-12,970.0
N049-R084-01-00-01,2013-08-13,893.0
N049-R084-01-00-01,2013-08-14,1111.0
N049-R084-01-00-01,2013-08-15,1045.0
N049-R084-01-00-01,2013-08-16,842.0
N049-R084-01-00-01,2013-08-17,817.0
N049-R084-01-00-01,2013-08-18,683.0
N049-R084-01-00-01,2013-08-19,941.0
N049-R084-01-00-01,2013-08-20,1056.0
N049-R084-01-00-01,2013-08-21,1010.0
N049-R084-01-00-01,2013-08-22,906.0
N049-R084-01-00-01,2013-08-23,1021.0
N049-R084-01-00-01,2013-08-24,866.0
N049-R084-01-00-01,2013-08-25,752.0
N049-R084-01-00-01,2013-08-26,931.0
N049-R084-01-00-01,2013-08-27,1029.0
N049-R084-01-00-01,2013-08-28,1015.0
N049-R084-01-00-01,2013-08-29,1096.0
N049-R084-01-00-01,2013-08-30,1108.0
N049-R084-01-00-01,2013-08-31,815.0
N049-R084-01-00-02,2013-08-01,1482.0
N049-R084-01-00-02,2013-08-02,1481.0
N049-R084-01-00-02,2013-08-03,973.0
N049-R084-01-00-02,2013-08-04,1032.0
N049-R084-01-00-02,2013-08-05,1495.0
N049-R084-01-00-02,2013-08-06,1646.0
N049-R084-01-00-02,2013-08-07,1574.0
N049-R084-01-00-02,2013-08-08,1474.0
N049-R084-01-00-02,2013-08-09,1412.0
N049-R084-01-00-02,2013-08-10,1174.0
N049-R084-01-00-02,2013-08-11,1114.0
N049-R084-01-00-02,2013-08-12,1438.0
N049-R084-01-00-02,2013-08-13,1448.0
N049-R084-01-00-02,2013-08-14,1581.0
N049-R084-01-00-02,2013-08-15,1556.0
N049-R084-01-00-02,2013-08-16,1474.0
N049-R084-01-00-02,2013-08-17,1062.0
N049-R084-01-00-02,2013-08-18,910.0
N049-R084-01-00-02,2013-08-19,1457.0
N049-R084-01-00-02,2013-08-20,1569.0
N049-R084-01-00-02,2013-08-21,1557.0
N049-R084-01-00-02,2013-08-22,1453.0
N049-R084-01-00-02,2013-08-23,1413.0
N049-R084-01-00-02,2013-08-24,1023.0
N049-R084-01-00-02,2013-08-25,950.0
N049-R084-01-00-02,2013-08-26,1455.0
N049-R084-01-00-02,2013-08-27,1523.0
N049-R084-01-00-02,2013-08-28,1563.0
N049-R084-01-00-02,2013-08-29,1673.0
N049-R084-01-00-02,2013-08-30,1638.0
N049-R084-01-00-02,2013-08-31,993.0
N049-R084-01-02-00,2013-08-01,1753.0
N049-R084-01-02-00,2013-08-02,1864.0
N049-R084-01-02-00,2013-08-03,1554.0
N049-R084-01-02-00,2013-08-04,1640.0
N049-R084-01-02-00,2013-08-05,1847.0
N049-R084-01-02-00,2013-08-06,1826.0
N049-R084-01-02-00,2013-08-07,1920.0
N049-R084-01-02-00,2013-08-08,1932.0
N049-R084-01-02-00,2013-08-09,1637.0
N049-R084-01-02-00,2013-08-10,1955.0
N049-R084-01-02-00,2013-08-11,1823.0
N049-R084-01-02-00,2013-08-12,1803.0
N049-R084-01-02-00,2013-08-13,1621.0
N049-R084-01-02-00,2013-08-14,2008.0
N049-R084-01-02-00,2013-08-15,1931.0
N049-R084-01-02-00,2013-08-16,2115.0
N049-R084-01-02-00,2013-08-17,1512.0
N049-R084-01-02-00,2013-08-18,1397.0
N049-R084-01-02-00,2013-08-19,1687.0
N049-R084-01-02-00,2013-08-20,1881.0
N049-R084-01-02-00,2013-08-21,1951.0
N049-R084-01-02-00,2013-08-22,1671.0
N049-R084-01-02-00,2013-08-23,1893.0
N049-R084-01-02-00,2013-08-24,1655.0
N049-R084-01-02-00,2013-08-25,1519.0
N049-R084-01-02-00,2013-08-26,1935.0
N049-R084-01-02-00,2013-08-27,1915.0
N049-R084-01-02-00,2013-08-28,1866.0
N049-R084-01-02-00,2013-08-29,2044.0
N049-R084-01-02-00,2013-08-30,2314.0
N049-R084-01-02-00,2013-08-31,1627.0
N049-R084-01-02-01,2013-08-01,2060.0
N049-R084-01-02-01,2013-08-02,2135.0
N049-R084-01-02-01,2013-08-03,1664.0
N049-R084-01-02-01,2013-08-04,1849.0
N049-R084-01-02-01,2013-08-05,2221.0
N049-R084-01-02-01,2013-08-06,2356.0
N049-R084-01-02-01,2013-08-07,2257.0
N049-R084-01-02-01,2013-08-08,2245.0
N049-R084-01-02-01,2013-08-09,1870.0
N049-R084-01-02-01,2013-08-10,2068.0
N049-R084-01-02-01,2013-08-11,1892.0
N049-R084-01-02-01,2013-08-12,1996.0
N049-R084-01-02-01,2013-08-13,2007.0
N049-R084-01-02-01,2013-08-14,2316.0
N049-R084-01-02-01,2013-08-15,2252.0
N049-R084-01-02-01,2013-08-16,2303.0
N049-R084-01-02-01,2013-08-17,1692.0
N049-R084-01-02-01,2013-08-18,1520.0
N049-R084-01-02-01,2013-08-19,1858.0
N049-R084-01-02-01,2013-08-20,2160.0
N049-R084-01-02-01,2013-08-21,2204.0
N049-R084-01-02-01,2013-08-22,1979.0
N049-R084-01-02-01,2013-08-23,2060.0
N049-R084-01-02-01,2013-08-24,1715.0
N049-R084-01-02-01,2013-08-25,1566.0
N049-R084-01-02-01,2013-08-26,1466.0
N049-R084-01-02-01,2013-08-27,2259.0
N049-R084-01-02-01,2013-08-28,2311.0
N049-R084-01-02-01,2013-08-29,2423.0
N049-R084-01-02-01,2013-08-30,2606.0
N049-R084-01-02-01,2013-08-31,1741.0
N049-R084-01-02-02,2013-08-01,3199.0
N049-R084-01-02-02,2013-08-02,3239.0
N049-R084-01-02-02,2013-08-03,2410.0
N049-R084-01-02-02,2013-08-04,2436.0
N049-R084-01-02-02,2013-08-05,3258.0
N049-R084-01-02-02,2013-08-06,3350.0
N049-R084-01-02-02,2013-08-07,3338.0
N049-R084-01-02-02,2013-08-08,3411.0
N049-R084-01-02-02,2013-08-09,3187.0
N049-R084-01-02-02,2013-08-10,2891.0
N049-R084-01-02-02,2013-08-11,2596.0
N049-R084-01-02-02,2013-08-12,2985.0
N049-R084-01-02-02,2013-08-13,3126.0
N049-R084-01-02-02,2013-08-14,3344.0
N049-R084-01-02-02,2013-08-15,3393.0
N049-R084-01-02-02,2013-08-16,3224.0
N049-R084-01-02-02,2013-08-17,2388.0
N049-R084-01-02-02,2013-08-18,2146.0
N049-R084-01-02-02,2013-08-19,2905.0
N049-R084-01-02-02,2013-08-20,3252.0
N049-R084-01-02-02,2013-08-21,3219.0
N049-R084-01-02-02,2013-08-22,3047.0
N049-R084-01-02-02,2013-08-23,3067.0
N049-R084-01-02-02,2013-08-24,2378.0
N049-R084-01-02-02,2013-08-25,2292.0
N049-R084-01-02-02,2013-08-26,3176.0
N049-R084-01-02-02,2013-08-27,3302.0
N049-R084-01-02-02,2013-08-28,3459.0
N049-R084-01-02-02,2013-08-29,3518.0
N049-R084-01-02-02,2013-08-30,3656.0
N049-R084-01-02-02,2013-08-31,2362.0
N049-R084-01-03-00,2013-08-01,876.0
N049-R084-01-03-00,2013-08-02,912.0
N049-R084-01-03-00,2013-08-03,804.0
N049-R084-01-03-00,2013-08-04,855.0
N049-R084-01-03-00,2013-08-05,927.0
N049-R084-01-03-00,2013-08-06,953.0
N049-R084-01-03-00,2013-08-07,966.0
N049-R084-01-03-00,2013-08-08,955.0
N049-R084-01-03-00,2013-08-09,881.0
N049-R084-01-03-00,2013-08-10,1031.0
N049-R084-01-03-00,2013-08-11,793.0
N049-R084-01-03-00,2013-08-12,866.0
N049-R084-01-03-00,2013-08-13,823.0
N049-R084-01-03-00,2013-08-14,1075.0
N049-R084-01-03-00,2013-08-15,997.0
N049-R084-01-03-00,2013-08-16,1035.0
N049-R084-01-03-00,2013-08-17,753.0
N049-R084-01-03-00,2013-08-18,579.0
N049-R084-01-03-00,2013-08-19,800.0
N049-R084-01-03-00,2013-08-20,920.0
N049-R084-01-03-00,2013-08-21,928.0
N049-R084-01-03-00,2013-08-22,818.0
N049-R084-01-03-00,2013-08-23,994.0
N049-R084-01-03-00,2013-08-24,763.0
N049-R084-01-03-00,2013-08-25,712.0
N049-R084-01-03-00,2013-08-26,814.0
N049-R084-01-03-00,2013-08-27,995.0
N049-R084-01-03-00,2013-08-28,1057.0
N049-R084-01-03-00,2013-08-29,1125.0
N049-R084-01-03-00,2013-08-30,943.0
N049-R084-01-03-00,2013-08-31,773.0
N049-R084-01-03-01,2013-08-01,1507.0
N049-R084-01-03-01,2013-08-02,1468.0
N049-R084-01-03-01,2013-08-03,1303.0
N049-R084-01-03-01,2013-08-04,1180.0
N049-R084-01-03-01,2013-08-05,1555.0
N049-R084-01-03-01,2013-08-06,1679.0
N049-R084-01-03-01,2013-08-07,1522.0
N049-R084-01-03-01,2013-08-08,1880.0
N049-R084-01-03-01,2013-08-09,1344.0
N049-R084-01-03-01,2013-08-10,991.0
N049-R084-01-03-01,2013-08-11,1056.0
N049-R084-01-03-01,2013-08-12,1527.0
N049-R084-01-03-01,2013-08-13,1194.0
N049-R084-01-03-01,2013-08-14,1894.0
N049-R084-01-03-01,2013-08-15,1337.0
N049-R084-01-03-01,2013-08-16,1618.0
N049-R084-01-03-01,2013-08-17,1209.0
N049-R084-01-03-01,2013-08-18,1072.0
N049-R084-01-03-01,2013-08-19,1318.0
N049-R084-01-03-01,2013-08-20,1516.0
N049-R084-01-03-01,2013-08-21,1653.0
N049-R084-01-03-01,2013-08-22,1567.0
N049-R084-01-03-01,2013-08-23,1234.0
N049-R084-01-03-01,2013-08-24,1512.0
N049-R084-01-03-01,2013-08-25,1137.0
N049-R084-01-03-01,2013-08-26,1439.0
N049-R084-01-03-01,2013-08-27,1559.0
N049-R084-01-03-01,2013-08-28,1394.0
N049-R084-01-03-01,2013-08-29,1797.0
N049-R084-01-03-01,2013-08-30,1882.0
N049-R084-01-03-01,2013-08-31,1186.0
N049-R084-01-03-02,2013-08-01,1676.0
N049-R084-01-03-02,2013-08-02,1755.0
N049-R084-01-03-02,2013-08-03,1498.0
N049-R084-01-03-02,2013-08-04,1474.0
N049-R084-01-03-02,2013-08-05,1647.0
N049-R084-01-03-02,2013-08-06,1837.0
N049-R084-01-03-02,2013-08-07,1867.0
N049-R084-01-03-02,2013-08-08,1744.0
N049-R084-01-03-02,2013-08-09,1691.0
N049-R084-01-03-02,2013-08-10,1784.0
N049-R084-01-03-02,2013-08-11,1413.0
N049-R084-01-03-02,2013-08-12,1565.0
N049-R084-01-03-02,2013-08-13,1626.0
N049-R084-01-03-02,2013-08-14,1870.0
N049-R084-01-03-02,2013-08-15,1786.0
N049-R084-01-03-02,2013-08-16,1816.0
N049-R084-01-03-02,2013-08-17,1331.0
N049-R084-01-03-02,2013-08-18,1105.0
N049-R084-01-03-02,2013-08-19,1513.0
N049-R084-01-03-02,2013-08-20,1688.0
N049-R084-01-03-02,2013-08-21,1765.0
N049-R084-01-03-02,2013-08-22,1666.0
N049-R084-01-03-02,2013-08-23,1765.0
N049-R084-01-03-02,2013-08-24,1219.0
N049-R084-01-03-02,2013-08-25,1242.0
N049-R084-01-03-02,2013-08-26,1603.0
N049-R084-01-03-02,2013-08-27,1822.0
N049-R084-01-03-02,2013-08-28,1826.0
N049-R084-01-03-02,2013-08-29,1952.0
N049-R084-01-03-02,2013-08-30,2000.0
N049-R084-01-03-02,2013-08-31,1345.0
N049-R084-01-03-03,2013-08-01,1238.0
N049-R084-01-03-03,2013-08-02,1214.0
N049-R084-01-03-03,2013-08-03,947.0
N049-R084-01-03-03,2013-08-04,935.0
N049-R084-01-03-03,2013-08-05,1226.0
N049-R084-01-03-03,2013-08-06,1341.0
N049-R084-01-03-03,2013-08-07,1489.0
N049-R084-01-03-03,2013-08-08,1264.0
N049-R084-01-03-03,2013-08-09,1287.0
N049-R084-01-03-03,2013-08-10,1064.0
N049-R084-01-03-03,2013-08-11,934.0
N049-R084-01-03-03,2013-08-12,1096.0
N049-R084-01-03-03,2013-08-13,1170.0
N049-R084-01-03-03,2013-08-14,1418.0
N049-R084-01-03-03,2013-08-15,1399.0
N049-R084-01-03-03,2013-08-16,1453.0
N049-R084-01-03-03,2013-08-17,818.0
N049-R084-01-03-03,2013-08-18,673.0
N049-R084-01-03-03,2013-08-19,1104.0
N049-R084-01-03-03,2013-08-20,1276.0
N049-R084-01-03-03,2013-08-21,1399.0
N049-R084-01-03-03,2013-08-22,1203.0
N049-R084-01-03-03,2013-08-23,1287.0
N049-R084-01-03-03,2013-08-24,855.0
N049-R084-01-03-03,2013-08-25,820.0
N049-R084-01-03-03,2013-08-26,1199.0
N049-R084-01-03-03,2013-08-27,1333.0
N049-R084-01-03-03,2013-08-28,1412.0
N049-R084-01-03-03,2013-08-29,1547.0
N049-R084-01-03-03,2013-08-30,1746.0
N049-R084-01-03-03,2013-08-31,900.0
N049-R084-01-05-00,2013-08-01,3.0
N049-R084-01-05-00,2013-08-02,3.0
N049-R084-01-05-00,2013-08-03,1.0
N049-R084-01-05-00,2013-08-04,0.0
N049-R084-01-05-00,2013-08-05,3.0
N049-R084-01-05-00,2013-08-06,5.0
N049-R084-01-05-00,2013-08-07,2.0
N049-R084-01-05-00,2013-08-08,2.0
N049-R084-01-05-00,2013-08-09,1.0
N049-R084-01-05-00,2013-08-10,1.0
N049-R084-01-05-00,2013-08-11,0.0
N049-R084-01-05-00,2013-08-12,0.0
N049-R084-01-05-00,2013-08-13,3.0
N049-R084-01-05-00,2013-08-14,2.0
N049-R084-01-05-00,2013-08-15,0.0
N049-R084-01-05-00,2013-08-16,2.0
N049-R084-01-05-00,2013-08-17,1.0
N049-R084-01-05-00,2013-08-18,2.0
N049-R084-01-05-00,2013-08-19,3.0
N049-R084-01-05-00,2013-08-20,0.0
N049-R084-01-05-00,2013-08-21,0.0
N049-R084-01-05-00,2013-08-22,0.0
N049-R084-01-05-00,2013-08-23,1.0
N049-R084-01-05-00,2013-08-24,3.0
N049-R084-01-05-00,2013-08-25,0.0
N049-R084-01-05-00,2013-08-26,0.0
N049-R084-01-05-00,2013-08-27,2.0
N049-R084-01-05-00,2013-08-28,0.0
N049-R084-01-05-00,2013-08-29,4.0
N049-R084-01-05-00,2013-08-30,4.0
N049-R084-01-05-00,2013-08-31,1.0
N049-R084-01-05-01,2013-08-01,0.0
N049-R084-01-05-01,2013-08-02,0.0
N049-R084-01-05-01,2013-08-03,0.0
N049-R084-01-05-01,2013-08-04,0.0
N049-R084-01-05-01,2013-08-05,0.0
N049-R084-01-05-01,2013-08-06,0.0
N049-R084-01-05-01,2013-08-07,0.0
N049-R084-01-05-01,2013-08-08,0.0
N049-R084-01-05-01,2013-08-09,0.0
N049-R084-01-05-01,2013-08-10,0.0
N049-R084-01-05-01,2013-08-11,0.0
N049-R084-01-05-01,2013-08-12,0.0
N049-R084-01-05-01,2013-08-13,0.0
N049-R084-01-05-01,2013-08-14,0.0
N049-R084-01-05-01,2013-08-15,0.0
N049-R084-01-05-01,2013-08-16,0.0
N049-R084-01-05-01,2013-08-17,0.0
N049-R084-01-05-01,2013-08-18,0.0
N049-R084-01-05-01,2013-08-19,0.0
N049-R084-01-05-01,2013-08-20,0.0
N049-R084-01-05-01,2013-08-21,0.0
N049-R084-01-05-01,2013-08-22,0.0
N049-R084-01-05-01,2013-08-23,0.0
N049-R084-01-05-01,2013-08-24,0.0
N049-R084-01-05-01,2013-08-25,0.0
N049-R084-01-05-01,2013-08-26,0.0
N049-R084-01-05-01,2013-08-27,0.0
N049-R084-01-05-01,2013-08-28,0.0
N049-R084-01-05-01,2013-08-29,0.0
N049-R084-01-05-01,2013-08-30,0.0
N049-R084-01-05-01,2013-08-31,0.0
N049-R084-01-06-00,2013-08-01,95.0
N049-R084-01-06-00,2013-08-02,174.0
N049-R084-01-06-00,2013-08-03,53.0
N049-R084-01-06-00,2013-08-04,97.0
N049-R084-01-06-00,2013-08-05,160.0
N049-R084-01-06-00,2013-08-06,156.0
N049-R084-01-06-00,2013-08-07,178.0
N049-R084-01-06-00,2013-08-08,145.0
N049-R084-01-06-00,2013-08-09,115.0
N049-R084-01-06-00,2013-08-10,160.0
N049-R084-01-06-00,2013-08-11,4.0
N049-R084-01-06-00,2013-08-12,0.0
N049-R084-01-06-00,2013-08-13,30.0
N049-R084-01-06-00,2013-08-14,61.0
N049-R084-01-06-00,2013-08-15,68.0
N049-R084-01-06-00,2013-08-16,129.0
N049-R084-01-06-00,2013-08-17,120.0
N049-R084-01-06-00,2013-08-18,131.0
N049-R084-01-06-00,2013-08-19,141.0
N049-R084-01-06-00,2013-08-20,124.0
N049-R084-01-06-00,2013-08-21,81.0
N049-R084-01-06-00,2013-08-22,42.0
N049-R084-01-06-00,2013-08-23,43.0
N049-R084-01-06-00,2013-08-24,135.0
N049-R084-01-06-00,2013-08-25,38.0
N049-R084-01-06-00,2013-08-26,37.0
N049-R084-01-06-00,2013-08-27,127.0
N049-R084-01-06-00,2013-08-28,12.0
N049-R084-01-06-00,2013-08-29,16.0
N049-R084-01-06-00,2013-08-30,139.0
N049-R084-01-06-00,2013-08-31,110.0
N049-R084-01-06-01,2013-08-01,372.0
N049-R084-01-06-01,2013-08-02,524.0
N049-R084-01-06-01,2013-08-03,451.0
N049-R084-01-06-01,2013-08-04,636.0
N049-R084-01-06-01,2013-08-05,569.0
N049-R084-01-06-01,2013-08-06,552.0
N049-R084-01-06-01,2013-08-07,529.0
N049-R084-01-06-01,2013-08-08,447.0
N049-R084-01-06-01,2013-08-09,392.0
N049-R084-01-06-01,2013-08-10,555.0
N049-R084-01-06-01,2013-08-11,617.0
N049-R084-01-06-01,2013-08-12,535.0
N049-R084-01-06-01,2013-08-13,450.0
N049-R084-01-06-01,2013-08-14,611.0
N049-R084-01-06-01,2013-08-15,617.0
N049-R084-01-06-01,2013-08-16,529.0
N049-R084-01-06-01,2013-08-17,441.0
N049-R084-01-06-01,2013-08-18,356.0
N049-R084-01-06-01,2013-08-19,485.0
N049-R084-01-06-01,2013-08-20,412.0
N049-R084-01-06-01,2013-08-21,568.0
N049-R084-01-06-01,2013-08-22,480.0
N049-R084-01-06-01,2013-08-23,585.0
N049-R084-01-06-01,2013-08-24,464.0
N049-R084-01-06-01,2013-08-25,458.0
N049-R084-01-06-01,2013-08-26,531.0
N049-R084-01-06-01,2013-08-27,514.0
N049-R084-01-06-01,2013-08-28,456.0
N049-R084-01-06-01,2013-08-29,534.0
N049-R084-01-06-01,2013-08-30,477.0
N049-R084-01-06-01,2013-08-31,343.0
N049-R084-01-06-02,2013-08-01,692.0
N049-R084-01-06-02,2013-08-02,857.0
N049-R084-01-06-02,2013-08-03,709.0
N049-R084-01-06-02,2013-08-04,958.0
N049-R084-01-06-02,2013-08-05,1003.0
N049-R084-01-06-02,2013-08-06,957.0
N049-R084-01-06-02,2013-08-07,974.0
N049-R084-01-06-02,2013-08-08,788.0
N049-R084-01-06-02,2013-08-09,971.0
N049-R084-01-06-02,2013-08-10,752.0
N049-R084-01-06-02,2013-08-11,916.0
N049-R084-01-06-02,2013-08-12,910.0
N049-R084-01-06-02,2013-08-13,816.0
N049-R084-01-06-02,2013-08-14,1004.0
N049-R084-01-06-02,2013-08-15,987.0
N049-R084-01-06-02,2013-08-16,969.0
N049-R084-01-06-02,2013-08-17,789.0
N049-R084-01-06-02,2013-08-18,612.0
N049-R084-01-06-02,2013-08-19,943.0
N049-R084-01-06-02,2013-08-20,876.0
N049-R084-01-06-02,2013-08-21,920.0
N049-R084-01-06-02,2013-08-22,885.0
N049-R084-01-06-02,2013-08-23,959.0
N049-R084-01-06-02,2013-08-24,752.0
N049-R084-01-06-02,2013-08-25,717.0
N049-R084-01-06-02,2013-08-26,919.0
N049-R084-01-06-02,2013-08-27,916.0
N049-R084-01-06-02,2013-08-28,812.0
N049-R084-01-06-02,2013-08-29,883.0
N049-R084-01-06-02,2013-08-30,833.0
N049-R084-01-06-02,2013-08-31,636.0
N051-R084-02-00-00,2013-08-01,7496.0
N051-R084-02-00-00,2013-08-02,6717.0
N051-R084-02-00-00,2013-08-03,4335.0
N051-R084-02-00-00,2013-08-04,3719.0
N051-R084-02-00-00,2013-08-05,6463.0
N051-R084-02-00-00,2013-08-06,7203.0
N051-R084-02-00-00,2013-08-07,7342.0
N051-R084-02-00-00,2013-08-08,7378.0
N051-R084-02-00-00,2013-08-09,6788.0
N051-R084-02-00-00,2013-08-10,4337.0
N051-R084-02-00-00,2013-08-11,3821.0
N051-R084-02-00-00,2013-08-12,6332.0
N051-R084-02-00-00,2013-08-13,6995.0
N051-R084-02-00-00,2013-08-14,7180.0
N051-R084-02-00-00,2013-08-15,7056.0
N051-R084-02-00-00,2013-08-16,6690.0
N051-R084-02-00-00,2013-08-17,4135.0
N051-R084-02-00-00,2013-08-18,3637.0
N051-R084-02-00-00,2013-08-19,6129.0
N051-R084-02-00-00,2013-08-20,6702.0
N051-R084-02-00-00,2013-08-21,7098.0
N051-R084-02-00-00,2013-08-22,7164.0
N051-R084-02-00-00,2013-08-23,6626.0
N051-R084-02-00-00,2013-08-24,4327.0
N051-R084-02-00-00,2013-08-25,3502.0
N051-R084-02-00-00,2013-08-26,6155.0
N051-R084-02-00-00,2013-08-27,6911.0
N051-R084-02-00-00,2013-08-28,7963.0
N051-R084-02-00-00,2013-08-29,7822.0
N051-R084-02-00-00,2013-08-30,6785.0
N051-R084-02-00-00,2013-08-31,4203.0
N051-R084-02-00-01,2013-08-01,6058.0
N051-R084-02-00-01,2013-08-02,5239.0
N051-R084-02-00-01,2013-08-03,3131.0
N051-R084-02-00-01,2013-08-04,2840.0
N051-R084-02-00-01,2013-08-05,4964.0
N051-R084-02-00-01,2013-08-06,5406.0
N051-R084-02-00-01,2013-08-07,5577.0
N051-R084-02-00-01,2013-08-08,5709.0
N051-R084-02-00-01,2013-08-09,5060.0
N051-R084-02-00-01,2013-08-10,3370.0
N051-R084-02-00-01,2013-08-11,2743.0
N051-R084-02-00-01,2013-08-12,4868.0
N051-R084-02-00-01,2013-08-13,5581.0
N051-R084-02-00-01,2013-08-14,5634.0
N051-R084-02-00-01,2013-08-15,5525.0
N051-R084-02-00-01,2013-08-16,5268.0
N051-R084-02-00-01,2013-08-17,3107.0
N051-R084-02-00-01,2013-08-18,2576.0
N051-R084-02-00-01,2013-08-19,4788.0
N051-R084-02-00-01,2013-08-20,5219.0
N051-R084-02-00-01,2013-08-21,5463.0
N051-R084-02-00-01,2013-08-22,5497.0
N051-R084-02-00-01,2013-08-23,5118.0
N051-R084-02-00-01,2013-08-24,3210.0
N051-R084-02-00-01,2013-08-25,2613.0
N051-R084-02-00-01,2013-08-26,4923.0
N051-R084-02-00-01,2013-08-27,5074.0
N051-R084-02-00-01,2013-08-28,6233.0
N051-R084-02-00-01,2013-08-29,6067.0
N051-R084-02-00-01,2013-08-30,5488.0
N051-R084-02-00-01,2013-08-31,3170.0
N051-R084-02-00-02,2013-08-01,4783.0
N051-R084-02-00-02,2013-08-02,4265.0
N051-R084-02-00-02,2013-08-03,2495.0
N051-R084-02-00-02,2013-08-04,2196.0
N051-R084-02-00-02,2013-08-05,3938.0
N051-R084-02-00-02,2013-08-06,4395.0
N051-R084-02-00-02,2013-08-07,4593.0
N051-R084-02-00-02,2013-08-08,4674.0
N051-R084-02-00-02,2013-08-09,4099.0
N051-R084-02-00-02,2013-08-10,2496.0
N051-R084-02-00-02,2013-08-11,2120.0
N051-R084-02-00-02,2013-08-12,3959.0
N051-R084-02-00-02,2013-08-13,4451.0
N051-R084-02-00-02,2013-08-14,4497.0
N051-R084-02-00-02,2013-08-15,4394.0
N051-R084-02-00-02,2013-08-16,4111.0
N051-R084-02-00-02,2013-08-17,2595.0
N051-R084-02-00-02,2013-08-18,2083.0
N051-R084-02-00-02,2013-08-19,3827.0
N051-R084-02-00-02,2013-08-20,4353.0
N051-R084-02-00-02,2013-08-21,4419.0
N051-R084-02-00-02,2013-08-22,4541.0
N051-R084-02-00-02,2013-08-23,4084.0
N051-R084-02-00-02,2013-08-24,2502.0
N051-R084-02-00-02,2013-08-25,1978.0
N051-R084-02-00-02,2013-08-26,3837.0
N051-R084-02-00-02,2013-08-27,4337.0
N051-R084-02-00-02,2013-08-28,5082.0
N051-R084-02-00-02,2013-08-29,4876.0
N051-R084-02-00-02,2013-08-30,4393.0
N051-R084-02-00-02,2013-08-31,2379.0
N051-R084-02-00-03,2013-08-01,3720.0
N051-R084-02-00-03,2013-08-02,3326.0
N051-R084-02-00-03,2013-08-03,1897.0
N051-R084-02-00-03,2013-08-04,1597.0
N051-R084-02-00-03,2013-08-05,3058.0
N051-R084-02-00-03,2013-08-06,3292.0
N051-R084-02-00-03,2013-08-07,3433.0
N051-R084-02-00-03,2013-08-08,3584.0
N051-R084-02-00-03,2013-08-09,3269.0
N051-R084-02-00-03,2013-08-10,1877.0
N051-R084-02-00-03,2013-08-11,1622.0
N051-R084-02-00-03,2013-08-12,3049.0
N051-R084-02-00-03,2013-08-13,3391.0
N051-R084-02-00-03,2013-08-14,3482.0
N051-R084-02-00-03,2013-08-15,3524.0
N051-R084-02-00-03,2013-08-16,3324.0
N051-R084-02-00-03,2013-08-17,1897.0
N051-R084-02-00-03,2013-08-18,1499.0
N051-R084-02-00-03,2013-08-19,2886.0
N051-R084-02-00-03,2013-08-20,3350.0
N051-R084-02-00-03,2013-08-21,3603.0
N051-R084-02-00-03,2013-08-22,3530.0
N051-R084-02-00-03,2013-08-23,3183.0
N051-R084-02-00-03,2013-08-24,1842.0
N051-R084-02-00-03,2013-08-25,1497.0
N051-R084-02-00-03,2013-08-26,2958.0
N051-R084-02-00-03,2013-08-27,3276.0
N051-R084-02-00-03,2013-08-28,3867.0
N051-R084-02-00-03,2013-08-29,3840.0
N051-R084-02-00-03,2013-08-30,3355.0
N051-R084-02-00-03,2013-08-31,1845.0
N051-R084-02-00-04,2013-08-01,2804.0
N051-R084-02-00-04,2013-08-02,2527.0
N051-R084-02-00-04,2013-08-03,1313.0
N051-R084-02-00-04,2013-08-04,1126.0
N051-R084-02-00-04,2013-08-05,2385.0
N051-R084-02-00-04,2013-08-06,2568.0
N051-R084-02-00-04,2013-08-07,2515.0
N051-R084-02-00-04,2013-08-08,2707.0
N051-R084-02-00-04,2013-08-09,2466.0
N051-R084-02-00-04,2013-08-10,1296.0
N051-R084-02-00-04,2013-08-11,1096.0
N051-R084-02-00-04,2013-08-12,2235.0
N051-R084-02-00-04,2013-08-13,2556.0
N051-R084-02-00-04,2013-08-14,2690.0
N051-R084-02-00-04,2013-08-15,2740.0
N051-R084-02-00-04,2013-08-16,2537.0
N051-R084-02-00-04,2013-08-17,1349.0
N051-R084-02-00-04,2013-08-18,1051.0
N051-R084-02-00-04,2013-08-19,2081.0
N051-R084-02-00-04,2013-08-20,2626.0
N051-R084-02-00-04,2013-08-21,2562.0
N051-R084-02-00-04,2013-08-22,2584.0
N051-R084-02-00-04,2013-08-23,2241.0
N051-R084-02-00-04,2013-08-24,1223.0
N051-R084-02-00-04,2013-08-25,975.0
N051-R084-02-00-04,2013-08-26,2246.0
N051-R084-02-00-04,2013-08-27,2506.0
N051-R084-02-00-04,2013-08-28,2952.0
N051-R084-02-00-04,2013-08-29,2868.0
N051-R084-02-00-04,2013-08-30,2479.0
N051-R084-02-00-04,2013-08-31,1256.0
N051-R084-02-03-00,2013-08-01,1743.0
N051-R084-02-03-00,2013-08-02,1522.0
N051-R084-02-03-00,2013-08-03,1097.0
N051-R084-02-03-00,2013-08-04,1002.0
N051-R084-02-03-00,2013-08-05,1467.0
N051-R084-02-03-00,2013-08-06,1485.0
N051-R084-02-03-00,2013-08-07,1690.0
N051-R084-02-03-00,2013-08-08,1653.0
N051-R084-02-03-00,2013-08-09,1506.0
N051-R084-02-03-00,2013-08-10,1068.0
N051-R084-02-03-00,2013-08-11,1014.0
N051-R084-02-03-00,2013-08-12,1569.0
N051-R084-02-03-00,2013-08-13,1633.0
N051-R084-02-03-00,2013-08-14,1751.0
N051-R084-02-03-00,2013-08-15,1684.0
N051-R084-02-03-00,2013-08-16,1537.0
N051-R084-02-03-00,2013-08-17,1154.0
N051-R084-02-03-00,2013-08-18,850.0
N051-R084-02-03-00,2013-08-19,1262.0
N051-R084-02-03-00,2013-08-20,1614.0
N051-R084-02-03-00,2013-08-21,1518.0
N051-R084-02-03-00,2013-08-22,1513.0
N051-R084-02-03-00,2013-08-23,1427.0
N051-R084-02-03-00,2013-08-24,1005.0
N051-R084-02-03-00,2013-08-25,893.0
N051-R084-02-03-00,2013-08-26,1336.0
N051-R084-02-03-00,2013-08-27,1419.0
N051-R084-02-03-00,2013-08-28,1797.0
N051-R084-02-03-00,2013-08-29,1675.0
N051-R084-02-03-00,2013-08-30,1616.0
N051-R084-02-03-00,2013-08-31,993.0
N051-R084-02-03-01,2013-08-01,2145.0
N051-R084-02-03-01,2013-08-02,1931.0
N051-R084-02-03-01,2013-08-03,1376.0
N051-R084-02-03-01,2013-08-04,1258.0
N051-R084-02-03-01,2013-08-05,1919.0
N051-R084-02-03-01,2013-08-06,1944.0
N051-R084-02-03-01,2013-08-07,2070.0
N051-R084-02-03-01,2013-08-08,2081.0
N051-R084-02-03-01,2013-08-09,1979.0
N051-R084-02-03-01,2013-08-10,1317.0
N051-R084-02-03-01,2013-08-11,1357.0
N051-R084-02-03-01,2013-08-12,2030.0
N051-R084-02-03-01,2013-08-13,2257.0
N051-R084-02-03-01,2013-08-14,2259.0
N051-R084-02-03-01,2013-08-15,2185.0
N051-R084-02-03-01,2013-08-16,1928.0
N051-R084-02-03-01,2013-08-17,1415.0
N051-R084-02-03-01,2013-08-18,1272.0
N051-R084-02-03-01,2013-08-19,1806.0
N051-R084-02-03-01,2013-08-20,2167.0
N051-R084-02-03-01,2013-08-21,2185.0
N051-R084-02-03-01,2013-08-22,2047.0
N051-R084-02-03-01,2013-08-23,1960.0
N051-R084-02-03-01,2013-08-24,1329.0
N051-R084-02-03-01,2013-08-25,1088.0
N051-R084-02-03-01,2013-08-26,1642.0
N051-R084-02-03-01,2013-08-27,1928.0
N051-R084-02-03-01,2013-08-28,2218.0
N051-R084-02-03-01,2013-08-29,2155.0
N051-R084-02-03-01,2013-08-30,2068.0
N051-R084-02-03-01,2013-08-31,1309.0
N051-R084-02-03-02,2013-08-01,2378.0
N051-R084-02-03-02,2013-08-02,2084.0
N051-R084-02-03-02,2013-08-03,1414.0
N051-R084-02-03-02,2013-08-04,1368.0
N051-R084-02-03-02,2013-08-05,2056.0
N051-R084-02-03-02,2013-08-06,2156.0
N051-R084-02-03-02,2013-08-07,2312.0
N051-R084-02-03-02,2013-08-08,2357.0
N051-R084-02-03-02,2013-08-09,2037.0
N051-R084-02-03-02,2013-08-10,1342.0
N051-R084-02-03-02,2013-08-11,1377.0
N051-R084-02-03-02,2013-08-12,2256.0
N051-R084-02-03-02,2013-08-13,2555.0
N051-R084-02-03-02,2013-08-14,2481.0
N051-R084-02-03-02,2013-08-15,2250.0
N051-R084-02-03-02,2013-08-16,2019.0
N051-R084-02-03-02,2013-08-17,1452.0
N051-R084-02-03-02,2013-08-18,1236.0
N051-R084-02-03-02,2013-08-19,1821.0
N051-R084-02-03-02,2013-08-20,2130.0
N051-R084-02-03-02,2013-08-21,1969.0
N051-R084-02-03-02,2013-08-22,2128.0
N051-R084-02-03-02,2013-08-23,2017.0
N051-R084-02-03-02,2013-08-24,1358.0
N051-R084-02-03-02,2013-08-25,1156.0
N051-R084-02-03-02,2013-08-26,1815.0
N051-R084-02-03-02,2013-08-27,1967.0
N051-R084-02-03-02,2013-08-28,2260.0
N051-R084-02-03-02,2013-08-29,2223.0
N051-R084-02-03-02,2013-08-30,2051.0
N051-R084-02-03-02,2013-08-31,1281.0
N051-R084-02-03-03,2013-08-01,2875.0
N051-R084-02-03-03,2013-08-02,2413.0
N051-R084-02-03-03,2013-08-03,1878.0
N051-R084-02-03-03,2013-08-04,1739.0
N051-R084-02-03-03,2013-08-05,2329.0
N051-R084-02-03-03,2013-08-06,2565.0
N051-R084-02-03-03,2013-08-07,2744.0
N051-R084-02-03-03,2013-08-08,2762.0
N051-R084-02-03-03,2013-08-09,2479.0
N051-R084-02-03-03,2013-08-10,1582.0
N051-R084-02-03-03,2013-08-11,2415.0
N051-R084-02-03-03,2013-08-12,3765.0
N051-R084-02-03-03,2013-08-13,4477.0
N051-R084-02-03-03,2013-08-14,3578.0
N051-R084-02-03-03,2013-08-15,2591.0
N051-R084-02-03-03,2013-08-16,2337.0
N051-R084-02-03-03,2013-08-17,1691.0
N051-R084-02-03-03,2013-08-18,1571.0
N051-R084-02-03-03,2013-08-19,2298.0
N051-R084-02-03-03,2013-08-20,2550.0
N051-R084-02-03-03,2013-08-21,2641.0
N051-R084-02-03-03,2013-08-22,2541.0
N051-R084-02-03-03,2013-08-23,2357.0
N051-R084-02-03-03,2013-08-24,1531.0
N051-R084-02-03-03,2013-08-25,1380.0
N051-R084-02-03-03,2013-08-26,2245.0
N051-R084-02-03-03,2013-08-27,2367.0
N051-R084-02-03-03,2013-08-28,2659.0
N051-R084-02-03-03,2013-08-29,2647.0
N051-R084-02-03-03,2013-08-30,2487.0
N051-R084-02-03-03,2013-08-31,1495.0
N051-R084-02-03-04,2013-08-01,2566.0
N051-R084-02-03-04,2013-08-02,2569.0
N051-R084-02-03-04,2013-08-03,1342.0
N051-R084-02-03-04,2013-08-04,1260.0
N051-R084-02-03-04,2013-08-05,2356.0
N051-R084-02-03-04,2013-08-06,2899.0
N051-R084-02-03-04,2013-08-07,2441.0
N051-R084-02-03-04,2013-08-08,2725.0
N051-R084-02-03-04,2013-08-09,2868.0
N051-R084-02-03-04,2013-08-10,1693.0
N051-R084-02-03-04,2013-08-11,126.0
N051-R084-02-03-04,2013-08-12,0.0
N051-R084-02-03-04,2013-08-13,0.0
N051-R084-02-03-04,2013-08-14,1331.0
N051-R084-02-03-04,2013-08-15,2782.0
N051-R084-02-03-04,2013-08-16,2763.0
N051-R084-02-03-04,2013-08-17,1817.0
N051-R084-02-03-04,2013-08-18,1840.0
N051-R084-02-03-04,2013-08-19,2614.0
N051-R084-02-03-04,2013-08-20,2466.0
N051-R084-02-03-04,2013-08-21,2445.0
N051-R084-02-03-04,2013-08-22,2830.0
N051-R084-02-03-04,2013-08-23,2752.0
N051-R084-02-03-04,2013-08-24,1868.0
N051-R084-02-03-04,2013-08-25,1676.0
N051-R084-02-03-04,2013-08-26,2526.0
N051-R084-02-03-04,2013-08-27,2596.0
N051-R084-02-03-04,2013-08-28,2843.0
N051-R084-02-03-04,2013-08-29,2772.0
N051-R084-02-03-04,2013-08-30,2370.0
N051-R084-02-03-04,2013-08-31,1778.0
N051-R084-02-05-00,2013-08-01,5.0
N051-R084-02-05-00,2013-08-02,3.0
N051-R084-02-05-00,2013-08-03,2.0
N051-R084-02-05-00,2013-08-04,0.0
N051-R084-02-05-00,2013-08-05,5.0
N051-R084-02-05-00,2013-08-06,2.0
N051-R084-02-05-00,2013-08-07,6.0
N051-R084-02-05-00,2013-08-08,1.0
N051-R084-02-05-00,2013-08-09,0.0
N051-R084-02-05-00,2013-08-10,1.0
N051-R084-02-05-00,2013-08-11,5.0
N051-R084-02-05-00,2013-08-12,1.0
N051-R084-02-05-00,2013-08-13,1.0
N051-R084-02-05-00,2013-08-14,0.0
N051-R084-02-05-00,2013-08-15,0.0
N051-R084-02-05-00,2013-08-16,1.0
N051-R084-02-05-00,2013-08-17,3.0
N051-R084-02-05-00,2013-08-18,1.0
N051-R084-02-05-00,2013-08-19,5.0
N051-R084-02-05-00,2013-08-20,3.0
N051-R084-02-05-00,2013-08-21,2.0
N051-R084-02-05-00,2013-08-22,0.0
N051-R084-02-05-00,2013-08-23,1.0
N051-R084-02-05-00,2013-08-24,0.0
N051-R084-02-05-00,2013-08-25,0.0
N051-R084-02-05-00,2013-08-26,2.0
N051-R084-02-05-00,2013-08-27,1.0
N051-R084-02-05-00,2013-08-28,1.0
N051-R084-02-05-00,2013-08-29,0.0
N051-R084-02-05-00,2013-08-30,1.0
N051-R084-02-05-00,2013-08-31,0.0
N051-R084-02-05-01,2013-08-01,0.0
N051-R084-02-05-01,2013-08-02,0.0
N051-R084-02-05-01,2013-08-03,0.0
N051-R084-02-05-01,2013-08-04,0.0
N051-R084-02-05-01,2013-08-05,0.0
N051-R084-02-05-01,2013-08-06,0.0
N051-R084-02-05-01,2013-08-07,0.0
N051-R084-02-05-01,2013-08-08,0.0
N051-R084-02-05-01,2013-08-09,0.0
N051-R084-02-05-01,2013-08-10,0.0
N051-R084-02-05-01,2013-08-11,0.0
N051-R084-02-05-01,2013-08-12,0.0
N051-R084-02-05-01,2013-08-13,0.0
N051-R084-02-05-01,2013-08-14,0.0
N051-R084-02-05-01,2013-08-15,0.0
N051-R084-02-05-01,2013-08-16,0.0
N051-R084-02-05-01,2013-08-17,0.0
N051-R084-02-05-01,2013-08-18,0.0
N051-R084-02-05-01,2013-08-19,0.0
N051-R084-02-05-01,2013-08-20,0.0
N051-R084-02-05-01,2013-08-21,0.0
N051-R084-02-05-01,2013-08-22,0.0
N051-R084-02-05-01,2013-08-23,0.0
N051-R084-02-05-01,2013-08-24,0.0
N051-R084-02-05-01,2013-08-25,0.0
N051-R084-02-05-01,2013-08-26,0.0
N051-R084-02-05-01,2013-08-27,0.0
N051-R084-02-05-01,2013-08-28,0.0
N051-R084-02-05-01,2013-08-29,0.0
N051-R084-02-05-01,2013-08-30,0.0
N051-R084-02-05-01,2013-08-31,0.0
R158-R084-00-00-00,2013-08-01,565.0
R158-R084-00-00-00,2013-08-02,505.0
R158-R084-00-00-00,2013-08-03,356.0
R158-R084-00-00-00,2013-08-04,378.0
R158-R084-00-00-00,2013-08-05,438.0
R158-R084-00-00-00,2013-08-06,457.0
R158-R084-00-00-00,2013-08-07,490.0
R158-R084-00-00-00,2013-08-08,490.0
R158-R084-00-00-00,2013-08-09,451.0
R158-R084-00-00-00,2013-08-10,588.0
R158-R084-00-00-00,2013-08-11,515.0
R158-R084-00-00-00,2013-08-12,473.0
R158-R084-00-00-00,2013-08-13,448.0
R158-R084-00-00-00,2013-08-14,557.0
R158-R084-00-00-00,2013-08-15,459.0
R158-R084-00-00-00,2013-08-16,519.0
R158-R084-00-00-00,2013-08-17,362.0
R158-R084-00-00-00,2013-08-18,308.0
R158-R084-00-00-00,2013-08-19,435.0
R158-R084-00-00-00,2013-08-20,443.0
R158-R084-00-00-00,2013-08-21,489.0
R158-R084-00-00-00,2013-08-22,479.0
R158-R084-00-00-00,2013-08-23,469.0
R158-R084-00-00-00,2013-08-24,375.0
R158-R084-00-00-00,2013-08-25,342.0
R158-R084-00-00-00,2013-08-26,447.0
R158-R084-00-00-00,2013-08-27,506.0
R158-R084-00-00-00,2013-08-28,689.0
R158-R084-00-00-00,2013-08-29,702.0
R158-R084-00-00-00,2013-08-30,533.0
R158-R084-00-00-00,2013-08-31,622.0
R158-R084-00-00-01,2013-08-01,1333.0
R158-R084-00-00-01,2013-08-02,1277.0
R158-R084-00-00-01,2013-08-03,827.0
R158-R084-00-00-01,2013-08-04,905.0
R158-R084-00-00-01,2013-08-05,1216.0
R158-R084-00-00-01,2013-08-06,1317.0
R158-R084-00-00-01,2013-08-07,1305.0
R158-R084-00-00-01,2013-08-08,1296.0
R158-R084-00-00-01,2013-08-09,1232.0
R158-R084-00-00-01,2013-08-10,658.0
R158-R084-00-00-01,2013-08-11,722.0
R158-R084-00-00-01,2013-08-12,1176.0
R158-R084-00-00-01,2013-08-13,1260.0
R158-R084-00-00-01,2013-08-14,1335.0
R158-R084-00-00-01,2013-08-15,1316.0
R158-R084-00-00-01,2013-08-16,1240.0
R158-R084-00-00-01,2013-08-17,828.0
R158-R084-00-00-01,2013-08-18,780.0
R158-R084-00-00-01,2013-08-19,1117.0
R158-R084-00-00-01,2013-08-20,1198.0
R158-R084-00-00-01,2013-08-21,1249.0
R158-R084-00-00-01,2013-08-22,1255.0
R158-R084-00-00-01,2013-08-23,1219.0
R158-R084-00-00-01,2013-08-24,899.0
R158-R084-00-00-01,2013-08-25,833.0
R158-R084-00-00-01,2013-08-26,1231.0
R158-R084-00-00-01,2013-08-27,1290.0
R158-R084-00-00-01,2013-08-28,1595.0
R158-R084-00-00-01,2013-08-29,1689.0
R158-R084-00-00-01,2013-08-30,1388.0
R158-R084-00-00-01,2013-08-31,514.0
R158-R084-00-00-02,2013-08-01,1160.0
R158-R084-00-00-02,2013-08-02,1102.0
R158-R084-00-00-02,2013-08-03,640.0
R158-R084-00-00-02,2013-08-04,682.0
R158-R084-00-00-02,2013-08-05,1007.0
R158-R084-00-00-02,2013-08-06,1141.0
R158-R084-00-00-02,2013-08-07,1108.0
R158-R084-00-00-02,2013-08-08,1115.0
R158-R084-00-00-02,2013-08-09,982.0
R158-R084-00-00-02,2013-08-10,746.0
R158-R084-00-00-02,2013-08-11,493.0
R158-R084-00-00-02,2013-08-12,981.0
R158-R084-00-00-02,2013-08-13,1058.0
R158-R084-00-00-02,2013-08-14,1197.0
R158-R084-00-00-02,2013-08-15,1157.0
R158-R084-00-00-02,2013-08-16,1125.0
R158-R084-00-00-02,2013-08-17,717.0
R158-R084-00-00-02,2013-08-18,619.0
R158-R084-00-00-02,2013-08-19,955.0
R158-R084-00-00-02,2013-08-20,1074.0
R158-R084-00-00-02,2013-08-21,1118.0
R158-R084-00-00-02,2013-08-22,1098.0
R158-R084-00-00-02,2013-08-23,1053.0
R158-R084-00-00-02,2013-08-24,719.0
R158-R084-00-00-02,2013-08-25,593.0
R158-R084-00-00-02,2013-08-26,1039.0
R158-R084-00-00-02,2013-08-27,1077.0
R158-R084-00-00-02,2013-08-28,1429.0
R158-R084-00-00-02,2013-08-29,1414.0
R158-R084-00-00-02,2013-08-30,1197.0
R158-R084-00-00-02,2013-08-31,796.0
R158-R084-00-02-00,2013-08-01,565.0
R158-R084-00-02-00,2013-08-02,566.0
R158-R084-00-02-00,2013-08-03,333.0
R158-R084-00-02-00,2013-08-04,324.0
R158-R084-00-02-00,2013-08-05,593.0
R158-R084-00-02-00,2013-08-06,624.0
R158-R084-00-02-00,2013-08-07,588.0
R158-R084-00-02-00,2013-08-08,645.0
R158-R084-00-02-00,2013-08-09,507.0
R158-R084-00-02-00,2013-08-10,130.0
R158-R084-00-02-00,2013-08-11,262.0
R158-R084-00-02-00,2013-08-12,544.0
R158-R084-00-02-00,2013-08-13,533.0
R158-R084-00-02-00,2013-08-14,658.0
R158-R084-00-02-00,2013-08-15,595.0
R158-R084-00-02-00,2013-08-16,579.0
R158-R084-00-02-00,2013-08-17,330.0
R158-R084-00-02-00,2013-08-18,289.0
R158-R084-00-02-00,2013-08-19,521.0
R158-R084-00-02-00,2013-08-20,613.0
R158-R084-00-02-00,2013-08-21,617.0
R158-R084-00-02-00,2013-08-22,586.0
R158-R084-00-02-00,2013-08-23,594.0
R158-R084-00-02-00,2013-08-24,392.0
R158-R084-00-02-00,2013-08-25,305.0
R158-R084-00-02-00,2013-08-26,582.0
R158-R084-00-02-00,2013-08-27,648.0
R158-R084-00-02-00,2013-08-28,712.0
R158-R084-00-02-00,2013-08-29,841.0
R158-R084-00-02-00,2013-08-30,664.0
R158-R084-00-02-00,2013-08-31,101.0
R158-R084-00-02-01,2013-08-01,820.0
R158-R084-00-02-01,2013-08-02,779.0
R158-R084-00-02-01,2013-08-03,422.0
R158-R084-00-02-01,2013-08-04,454.0
R158-R084-00-02-01,2013-08-05,778.0
R158-R084-00-02-01,2013-08-06,857.0
R158-R084-00-02-01,2013-08-07,871.0
R158-R084-00-02-01,2013-08-08,851.0
R158-R084-00-02-01,2013-08-09,718.0
R158-R084-00-02-01,2013-08-10,192.0
R158-R084-00-02-01,2013-08-11,360.0
R158-R084-00-02-01,2013-08-12,777.0
R158-R084-00-02-01,2013-08-13,662.0
R158-R084-00-02-01,2013-08-14,845.0
R158-R084-00-02-01,2013-08-15,862.0
R158-R084-00-02-01,2013-08-16,772.0
R158-R084-00-02-01,2013-08-17,449.0
R158-R084-00-02-01,2013-08-18,413.0
R158-R084-00-02-01,2013-08-19,703.0
R158-R084-00-02-01,2013-08-20,796.0
R158-R084-00-02-01,2013-08-21,816.0
R158-R084-00-02-01,2013-08-22,780.0
R158-R084-00-02-01,2013-08-23,820.0
R158-R084-00-02-01,2013-08-24,468.0
R158-R084-00-02-01,2013-08-25,433.0
R158-R084-00-02-01,2013-08-26,791.0
R158-R084-00-02-01,2013-08-27,861.0
R158-R084-00-02-01,2013-08-28,947.0
R158-R084-00-02-01,2013-08-29,1062.0
R158-R084-00-02-01,2013-08-30,865.0
R158-R084-00-02-01,2013-08-31,178.0
R158-R084-00-05-00,2013-08-01,1700.0
R158-R084-00-05-00,2013-08-02,1441.0
R158-R084-00-05-00,2013-08-03,834.0
R158-R084-00-05-00,2013-08-04,764.0
R158-R084-00-05-00,2013-08-05,1359.0
R158-R084-00-05-00,2013-08-06,1491.0
R158-R084-00-05-00,2013-08-07,1532.0
R158-R084-00-05-00,2013-08-08,1719.0
R158-R084-00-05-00,2013-08-09,1503.0
R158-R084-00-05-00,2013-08-10,1200.0
R158-R084-00-05-00,2013-08-11,889.0
R158-R084-00-05-00,2013-08-12,1366.0
R158-R084-00-05-00,2013-08-13,1491.0
R158-R084-00-05-00,2013-08-14,1553.0
R158-R084-00-05-00,2013-08-15,1485.0
R158-R084-00-05-00,2013-08-16,1368.0
R158-R084-00-05-00,2013-08-17,730.0
R158-R084-00-05-00,2013-08-18,560.0
R158-R084-00-05-00,2013-08-19,1232.0
R158-R084-00-05-00,2013-08-20,1384.0
R158-R084-00-05-00,2013-08-21,1456.0
R158-R084-00-05-00,2013-08-22,1441.0
R158-R084-00-05-00,2013-08-23,1372.0
R158-R084-00-05-00,2013-08-24,770.0
R158-R084-00-05-00,2013-08-25,669.0
R158-R084-00-05-00,2013-08-26,1368.0
R158-R084-00-05-00,2013-08-27,1548.0
R158-R084-00-05-00,2013-08-28,1723.0
R158-R084-00-05-00,2013-08-29,1586.0
R158-R084-00-05-00,2013-08-30,1490.0
R158-R084-00-05-00,2013-08-31,771.0
R158-R084-00-05-01,2013-08-01,1244.0
R158-R084-00-05-01,2013-08-02,911.0
R158-R084-00-05-01,2013-08-03,603.0
R158-R084-00-05-01,2013-08-04,548.0
R158-R084-00-05-01,2013-08-05,951.0
R158-R084-00-05-01,2013-08-06,1140.0
R158-R084-00-05-01,2013-08-07,1125.0
R158-R084-00-05-01,2013-08-08,1338.0
R158-R084-00-05-01,2013-08-09,1008.0
R158-R084-00-05-01,2013-08-10,801.0
R158-R084-00-05-01,2013-08-11,571.0
R158-R084-00-05-01,2013-08-12,981.0
R158-R084-00-05-01,2013-08-13,1074.0
R158-R084-00-05-01,2013-08-14,1044.0
R158-R084-00-05-01,2013-08-15,1004.0
R158-R084-00-05-01,2013-08-16,981.0
R158-R084-00-05-01,2013-08-17,489.0
R158-R084-00-05-01,2013-08-18,442.0
R158-R084-00-05-01,2013-08-19,905.0
R158-R084-00-05-01,2013-08-20,992.0
R158-R084-00-05-01,2013-08-21,1050.0
R158-R084-00-05-01,2013-08-22,1125.0
R158-R084-00-05-01,2013-08-23,945.0
R158-R084-00-05-01,2013-08-24,497.0
R158-R084-00-05-01,2013-08-25,475.0
R158-R084-00-05-01,2013-08-26,992.0
R158-R084-00-05-01,2013-08-27,1101.0
R158-R084-00-05-01,2013-08-28,1324.0
R158-R084-00-05-01,2013-08-29,1221.0
R158-R084-00-05-01,2013-08-30,1065.0
R158-R084-00-05-01,2013-08-31,561.0
R158-R084-00-05-02,2013-08-01,416.0
R158-R084-00-05-02,2013-08-02,281.0
R158-R084-00-05-02,2013-08-03,153.0
R158-R084-00-05-02,2013-08-04,129.0
R158-R084-00-05-02,2013-08-05,285.0
R158-R084-00-05-02,2013-08-06,308.0
R158-R084-00-05-02,2013-08-07,344.0
R158-R084-00-05-02,2013-08-08,489.0
R158-R084-00-05-02,2013-08-09,311.0
R158-R084-00-05-02,2013-08-10,192.0
R158-R084-00-05-02,2013-08-11,155.0
R158-R084-00-05-02,2013-08-12,296.0
R158-R084-00-05-02,2013-08-13,327.0
R158-R084-00-05-02,2013-08-14,355.0
R158-R084-00-05-02,2013-08-15,306.0
R158-R084-00-05-02,2013-08-16,297.0
R158-R084-00-05-02,2013-08-17,128.0
R158-R084-00-05-02,2013-08-18,106.0
R158-R084-00-05-02,2013-08-19,272.0
R158-R084-00-05-02,2013-08-20,296.0
R158-R084-00-05-02,2013-08-21,300.0
R158-R084-00-05-02,2013-08-22,344.0
R158-R084-00-05-02,2013-08-23,310.0
R158-R084-00-05-02,2013-08-24,125.0
R158-R084-00-05-02,2013-08-25,118.0
R158-R084-00-05-02,2013-08-26,307.0
R158-R084-00-05-02,2013-08-27,365.0
R158-R084-00-05-02,2013-08-28,437.0
R158-R084-00-05-02,2013-08-29,436.0
R158-R084-00-05-02,2013-08-30,309.0
R158-R084-00-05-02,2013-08-31,154.0
R158-R084-00-06-00,2013-08-01,2474.0
R158-R084-00-06-00,2013-08-02,2532.0
R158-R084-00-06-00,2013-08-03,1693.0
R158-R084-00-06-00,2013-08-04,1645.0
R158-R084-00-06-00,2013-08-05,2336.0
R158-R084-00-06-00,2013-08-06,2715.0
R158-R084-00-06-00,2013-08-07,2735.0
R158-R084-00-06-00,2013-08-08,2562.0
R158-R084-00-06-00,2013-08-09,2503.0
R158-R084-00-06-00,2013-08-10,1866.0
R158-R084-00-06-00,2013-08-11,1932.0
R158-R084-00-06-00,2013-08-12,2268.0
R158-R084-00-06-00,2013-08-13,2376.0
R158-R084-00-06-00,2013-08-14,2590.0
R158-R084-00-06-00,2013-08-15,2700.0
R158-R084-00-06-00,2013-08-16,2420.0
R158-R084-00-06-00,2013-08-17,2020.0
R158-R084-00-06-00,2013-08-18,1443.0
R158-R084-00-06-00,2013-08-19,2273.0
R158-R084-00-06-00,2013-08-20,2825.0
R158-R084-00-06-00,2013-08-21,2870.0
R158-R084-00-06-00,2013-08-22,2472.0
R158-R084-00-06-00,2013-08-23,2542.0
R158-R084-00-06-00,2013-08-24,1754.0
R158-R084-00-06-00,2013-08-25,1673.0
R158-R084-00-06-00,2013-08-26,2324.0
R158-R084-00-06-00,2013-08-27,2321.0
R158-R084-00-06-00,2013-08-28,2456.0
R158-R084-00-06-00,2013-08-29,2358.0
R158-R084-00-06-00,2013-08-30,2311.0
R158-R084-00-06-00,2013-08-31,1590.0
R158-R084-00-06-01,2013-08-01,3285.0
R158-R084-00-06-01,2013-08-02,3225.0
R158-R084-00-06-01,2013-08-03,2581.0
R158-R084-00-06-01,2013-08-04,2447.0
R158-R084-00-06-01,2013-08-05,3211.0
R158-R084-00-06-01,2013-08-06,3582.0
R158-R084-00-06-01,2013-08-07,3484.0
R158-R084-00-06-01,2013-08-08,3404.0
R158-R084-00-06-01,2013-08-09,3332.0
R158-R084-00-06-01,2013-08-10,2528.0
R158-R084-00-06-01,2013-08-11,2645.0
R158-R084-00-06-01,2013-08-12,3056.0
R158-R084-00-06-01,2013-08-13,3329.0
R158-R084-00-06-01,2013-08-14,3649.0
R158-R084-00-06-01,2013-08-15,3432.0
R158-R084-00-06-01,2013-08-16,3386.0
R158-R084-00-06-01,2013-08-17,2543.0
R158-R084-00-06-01,2013-08-18,2221.0
R158-R084-00-06-01,2013-08-19,2907.0
R158-R084-00-06-01,2013-08-20,3241.0
R158-R084-00-06-01,2013-08-21,3064.0
R158-R084-00-06-01,2013-08-22,3243.0
R158-R084-00-06-01,2013-08-23,3240.0
R158-R084-00-06-01,2013-08-24,2533.0
R158-R084-00-06-01,2013-08-25,2513.0
R158-R084-00-06-01,2013-08-26,2801.0
R158-R084-00-06-01,2013-08-27,3049.0
R158-R084-00-06-01,2013-08-28,3182.0
R158-R084-00-06-01,2013-08-29,3254.0
R158-R084-00-06-01,2013-08-30,3215.0
R158-R084-00-06-01,2013-08-31,2410.0
R158-R084-00-06-02,2013-08-01,1.0
R158-R084-00-06-02,2013-08-02,0.0
R158-R084-00-06-02,2013-08-03,0.0
R158-R084-00-06-02,2013-08-04,0.0
R158-R084-00-06-02,2013-08-05,1.0
R158-R084-00-06-02,2013-08-06,0.0
R158-R084-00-06-02,2013-08-07,0.0
R158-R084-00-06-02,2013-08-08,1.0
R158-R084-00-06-02,2013-08-09,0.0
R158-R084-00-06-02,2013-08-10,0.0
R158-R084-00-06-02,2013-08-11,1.0
R158-R084-00-06-02,2013-08-12,1.0
R158-R084-00-06-02,2013-08-13,0.0
R158-R084-00-06-02,2013-08-14,0.0
R158-R084-00-06-02,2013-08-15,0.0
R158-R084-00-06-02,2013-08-16,2.0
R158-R084-00-06-02,2013-08-17,1.0
R158-R084-00-06-02,2013-08-18,0.0
R158-R084-00-06-02,2013-08-19,0.0
R158-R084-00-06-02,2013-08-20,0.0
R158-R084-00-06-02,2013-08-21,0.0
R158-R084-00-06-02,2013-08-22,0.0
R158-R084-00-06-02,2013-08-23,1.0
R158-R084-00-06-02,2013-08-24,1.0
R158-R084-00-06-02,2013-08-25,0.0
R158-R084-00-06-02,2013-08-26,1.0
R158-R084-00-06-02,2013-08-27,0.0
R158-R084-00-06-02,2013-08-28,3.0
R158-R084-00-06-02,2013-08-29,1.0
R158-R084-00-06-02,2013-08-30,0.0
R158-R084-00-06-02,2013-08-31,0.0
R158-R084-00-06-03,2013-08-01,0.0
R158-R084-00-06-03,2013-08-02,0.0
R158-R084-00-06-03,2013-08-03,0.0
R158-R084-00-06-03,2013-08-04,0.0
R158-R084-00-06-03,2013-08-05,0.0
R158-R084-00-06-03,2013-08-06,0.0
R158-R084-00-06-03,2013-08-07,0.0
R158-R084-00-06-03,2013-08-08,0.0
R158-R084-00-06-03,2013-08-09,0.0
R158-R084-00-06-03,2013-08-10,0.0
R158-R084-00-06-03,2013-08-11,0.0
R158-R084-00-06-03,2013-08-12,0.0
R158-R084-00-06-03,2013-08-13,0.0
R158-R084-00-06-03,2013-08-14,0.0
R158-R084-00-06-03,2013-08-15,0.0
R158-R084-00-06-03,2013-08-16,0.0
R158-R084-00-06-03,2013-08-17,0.0
R158-R084-00-06-03,2013-08-18,0.0
R158-R084-00-06-03,2013-08-19,0.0
R158-R084-00-06-03,2013-08-20,0.0
R158-R084-00-06-03,2013-08-21,0.0
R158-R084-00-06-03,2013-08-22,0.0
R158-R084-00-06-03,2013-08-23,0.0
R158-R084-00-06-03,2013-08-24,0.0
R158-R084-00-06-03,2013-08-25,0.0
R158-R084-00-06-03,2013-08-26,0.0
R158-R084-00-06-03,2013-08-27,0.0
R158-R084-00-06-03,2013-08-28,0.0
R158-R084-00-06-03,2013-08-29,0.0
R158-R084-00-06-03,2013-08-30,0.0
R158-R084-00-06-03,2013-08-31,0.0
