DATE,STATION,BUSYNESS
08-01-13,103 ST,19105.0
08-01-13,110 ST-CATHEDRL,19501.0
08-01-13,116 ST-COLUMBIA,21821.0
08-01-13,125 ST,15664.0
08-01-13,137 ST-CITY COL,23859.0
08-01-13,14 ST,37283.0
08-01-13,145 ST,17371.0
08-01-13,157 ST,18075.0
08-01-13,168 ST-BROADWAY,24965.0
08-01-13,18 ST,12934.0
08-01-13,181 ST,21024.0
08-01-13,191 ST,15605.0
08-01-13,207 ST,8757.0
08-01-13,215 ST,3080.0
08-01-13,23 ST,27985.0
08-01-13,231 ST,10824.0
08-01-13,238 ST,3864.0
08-01-13,242 ST,9677.0
08-01-13,28 ST,25745.0
08-01-13,34 ST-PENN STA,168206.0
08-01-13,42 ST-TIMES SQ,174870.0
08-01-13,50 ST,52275.0
08-01-13,59 ST-COLUMBUS,21333.0
08-01-13,66 ST-LINCOLN,40152.0
08-01-13,72 ST,76585.0
08-01-13,79 ST,25149.0
08-01-13,86 ST,36782.0
08-01-13,96 ST,24178.0
08-01-13,CANAL ST,12816.0
08-01-13,CHAMBERS ST,36186.0
08-01-13,CHRISTOPHER ST,19364.0
08-01-13,DYCKMAN ST,9737.0
08-01-13,FRANKLIN ST,9195.0
08-01-13,HOUSTON ST,28379.0
08-01-13,MARBLE HILL-225,6514.0
08-01-13,RECTOR ST,19314.0
08-02-13,103 ST,18452.0
08-02-13,110 ST-CATHEDRL,19284.0
08-02-13,116 ST-COLUMBIA,19261.0
08-02-13,125 ST,15096.0
08-02-13,137 ST-CITY COL,22604.0
08-02-13,14 ST,36968.0
08-02-13,145 ST,17559.0
08-02-13,157 ST,18204.0
08-02-13,168 ST-BROADWAY,23686.0
08-02-13,18 ST,12485.0
08-02-13,181 ST,21219.0
08-02-13,191 ST,14808.0
08-02-13,207 ST,8764.0
08-02-13,215 ST,2769.0
08-02-13,23 ST,26762.0
08-02-13,231 ST,10461.0
08-02-13,238 ST,3777.0
08-02-13,242 ST,10470.0
08-02-13,28 ST,23006.0
08-02-13,34 ST-PENN STA,160870.0
08-02-13,42 ST-TIMES SQ,170975.0
08-02-13,50 ST,49848.0
08-02-13,59 ST-COLUMBUS,20473.0
08-02-13,66 ST-LINCOLN,36866.0
08-02-13,72 ST,75294.0
08-02-13,79 ST,23769.0
08-02-13,86 ST,34497.0
08-02-13,96 ST,22762.0
08-02-13,CANAL ST,12142.0
08-02-13,CHAMBERS ST,32326.0
08-02-13,CHRISTOPHER ST,19855.0
08-02-13,DYCKMAN ST,9260.0
08-02-13,FRANKLIN ST,8222.0
08-02-13,HOUSTON ST,25623.0
08-02-13,MARBLE HILL-225,6417.0
08-02-13,RECTOR ST,19650.0
08-03-13,103 ST,14026.0
08-03-13,110 ST-CATHEDRL,14614.0
08-03-13,116 ST-COLUMBIA,9444.0
08-03-13,125 ST,12008.0
08-03-13,137 ST-CITY COL,17382.0
08-03-13,14 ST,27397.0
08-03-13,145 ST,15052.0
08-03-13,157 ST,14200.0
08-03-13,168 ST-BROADWAY,10801.0
08-03-13,18 ST,6783.0
08-03-13,181 ST,16751.0
08-03-13,191 ST,10917.0
08-03-13,207 ST,7206.0
08-03-13,215 ST,1706.0
08-03-13,23 ST,16494.0
08-03-13,231 ST,6683.0
08-03-13,238 ST,2220.0
08-03-13,242 ST,6493.0
08-03-13,28 ST,11302.0
08-03-13,34 ST-PENN STA,84283.0
08-03-13,42 ST-TIMES SQ,126229.0
08-03-13,50 ST,27117.0
08-03-13,59 ST-COLUMBUS,13983.0
08-03-13,66 ST-LINCOLN,24403.0
08-03-13,72 ST,55934.0
08-03-13,79 ST,18746.0
08-03-13,86 ST,24326.0
08-03-13,96 ST,14876.0
08-03-13,CANAL ST,6857.0
08-03-13,CHAMBERS ST,16904.0
08-03-13,CHRISTOPHER ST,16412.0
08-03-13,DYCKMAN ST,7926.0
08-03-13,FRANKLIN ST,3432.0
08-03-13,HOUSTON ST,10304.0
08-03-13,MARBLE HILL-225,4789.0
08-03-13,RECTOR ST,11489.0
08-04-13,103 ST,12471.0
08-04-13,110 ST-CATHEDRL,13098.0
08-04-13,116 ST-COLUMBIA,8522.0
08-04-13,125 ST,10864.0
08-04-13,137 ST-CITY COL,15657.0
08-04-13,14 ST,25553.0
08-04-13,145 ST,13500.0
08-04-13,157 ST,12522.0
08-04-13,168 ST-BROADWAY,9315.0
08-04-13,18 ST,5592.0
08-04-13,181 ST,14516.0
08-04-13,191 ST,10071.0
08-04-13,207 ST,6536.0
08-04-13,215 ST,1493.0
08-04-13,23 ST,14281.0
08-04-13,231 ST,6047.0
08-04-13,238 ST,2122.0
08-04-13,242 ST,6911.0
08-04-13,28 ST,9244.0
08-04-13,34 ST-PENN STA,76469.0
08-04-13,42 ST-TIMES SQ,111554.0
08-04-13,50 ST,23962.0
08-04-13,59 ST-COLUMBUS,14079.0
08-04-13,66 ST-LINCOLN,21280.0
08-04-13,72 ST,53956.0
08-04-13,79 ST,17246.0
08-04-13,86 ST,22504.0
08-04-13,96 ST,13869.0
08-04-13,CANAL ST,5471.0
08-04-13,CHAMBERS ST,15086.0
08-04-13,CHRISTOPHER ST,15314.0
08-04-13,DYCKMAN ST,6912.0
08-04-13,FRANKLIN ST,2973.0
08-04-13,HOUSTON ST,8352.0
08-04-13,MARBLE HILL-225,4312.0
08-04-13,RECTOR ST,9936.0
08-05-13,103 ST,17354.0
08-05-13,110 ST-CATHEDRL,17767.0
08-05-13,116 ST-COLUMBIA,20156.0
08-05-13,125 ST,14618.0
08-05-13,137 ST-CITY COL,23334.0
08-05-13,14 ST,33972.0
08-05-13,145 ST,17024.0
08-05-13,157 ST,17452.0
08-05-13,168 ST-BROADWAY,23220.0
08-05-13,18 ST,11393.0
08-05-13,181 ST,20886.0
08-05-13,191 ST,4369.0
08-05-13,207 ST,8766.0
08-05-13,215 ST,2844.0
08-05-13,23 ST,25687.0
08-05-13,231 ST,10250.0
08-05-13,238 ST,3679.0
08-05-13,242 ST,9825.0
08-05-13,28 ST,23044.0
08-05-13,34 ST-PENN STA,143629.0
08-05-13,42 ST-TIMES SQ,165357.0
08-05-13,50 ST,46597.0
08-05-13,59 ST-COLUMBUS,19904.0
08-05-13,66 ST-LINCOLN,35147.0
08-05-13,72 ST,73692.0
08-05-13,79 ST,22491.0
08-05-13,86 ST,33203.0
08-05-13,96 ST,22379.0
08-05-13,CANAL ST,12600.0
08-05-13,CHAMBERS ST,34534.0
08-05-13,CHRISTOPHER ST,17316.0
08-05-13,DYCKMAN ST,9403.0
08-05-13,FRANKLIN ST,7882.0
08-05-13,HOUSTON ST,24890.0
08-05-13,MARBLE HILL-225,6432.0
08-05-13,RECTOR ST,19939.0
08-06-13,103 ST,18226.0
08-06-13,110 ST-CATHEDRL,18630.0
08-06-13,116 ST-COLUMBIA,21124.0
08-06-13,125 ST,14336.0
08-06-13,137 ST-CITY COL,23788.0
08-06-13,14 ST,37340.0
08-06-13,145 ST,17288.0
08-06-13,157 ST,18081.0
08-06-13,168 ST-BROADWAY,24808.0
08-06-13,18 ST,12543.0
08-06-13,181 ST,21350.0
08-06-13,207 ST,8805.0
08-06-13,215 ST,3021.0
08-06-13,23 ST,27684.0
08-06-13,231 ST,10361.0
08-06-13,238 ST,3827.0
08-06-13,242 ST,10190.0
08-06-13,28 ST,24495.0
08-06-13,34 ST-PENN STA,174731.0
08-06-13,42 ST-TIMES SQ,174616.0
08-06-13,50 ST,50405.0
08-06-13,59 ST-COLUMBUS,21721.0
08-06-13,66 ST-LINCOLN,36582.0
08-06-13,72 ST,76797.0
08-06-13,79 ST,24350.0
08-06-13,86 ST,34223.0
08-06-13,96 ST,23153.0
08-06-13,CANAL ST,13106.0
08-06-13,CHAMBERS ST,37103.0
08-06-13,CHRISTOPHER ST,19033.0
08-06-13,DYCKMAN ST,9668.0
08-06-13,FRANKLIN ST,8781.0
08-06-13,HOUSTON ST,26682.0
08-06-13,MARBLE HILL-225,6479.0
08-06-13,RECTOR ST,20633.0
08-07-13,103 ST,18652.0
08-07-13,110 ST-CATHEDRL,18716.0
08-07-13,116 ST-COLUMBIA,21750.0
08-07-13,125 ST,14924.0
08-07-13,137 ST-CITY COL,24085.0
08-07-13,14 ST,37571.0
08-07-13,145 ST,17598.0
08-07-13,157 ST,18135.0
08-07-13,168 ST-BROADWAY,24486.0
08-07-13,18 ST,12841.0
08-07-13,181 ST,21499.0
08-07-13,207 ST,8927.0
08-07-13,215 ST,3024.0
08-07-13,23 ST,28316.0
08-07-13,231 ST,11034.0
08-07-13,238 ST,4035.0
08-07-13,242 ST,10112.0
08-07-13,28 ST,24513.0
08-07-13,34 ST-PENN STA,164550.0
08-07-13,42 ST-TIMES SQ,174205.0
08-07-13,50 ST,54262.0
08-07-13,59 ST-COLUMBUS,21854.0
08-07-13,66 ST-LINCOLN,40487.0
08-07-13,72 ST,78074.0
08-07-13,79 ST,24611.0
08-07-13,86 ST,35241.0
08-07-13,96 ST,23875.0
08-07-13,CANAL ST,13456.0
08-07-13,CHAMBERS ST,37080.0
08-07-13,CHRISTOPHER ST,19407.0
08-07-13,DYCKMAN ST,9480.0
08-07-13,FRANKLIN ST,9067.0
08-07-13,HOUSTON ST,27766.0
08-07-13,MARBLE HILL-225,6806.0
08-07-13,RECTOR ST,20820.0
08-08-13,103 ST,18882.0
08-08-13,110 ST-CATHEDRL,20016.0
08-08-13,116 ST-COLUMBIA,31488.0
08-08-13,125 ST,15550.0
08-08-13,137 ST-CITY COL,23677.0
08-08-13,14 ST,37462.0
08-08-13,145 ST,17372.0
08-08-13,157 ST,18349.0
08-08-13,168 ST-BROADWAY,24574.0
08-08-13,18 ST,13275.0
08-08-13,181 ST,21110.0
08-08-13,207 ST,8943.0
08-08-13,215 ST,2962.0
08-08-13,23 ST,28370.0
08-08-13,231 ST,10942.0
08-08-13,238 ST,4005.0
08-08-13,242 ST,9901.0
08-08-13,28 ST,25361.0
08-08-13,34 ST-PENN STA,167587.0
08-08-13,42 ST-TIMES SQ,177895.0
08-08-13,50 ST,54167.0
08-08-13,59 ST-COLUMBUS,22240.0
08-08-13,66 ST-LINCOLN,40087.0
08-08-13,72 ST,77449.0
08-08-13,79 ST,25659.0
08-08-13,86 ST,36285.0
08-08-13,96 ST,23745.0
08-08-13,CANAL ST,13501.0
08-08-13,CHAMBERS ST,36865.0
08-08-13,CHRISTOPHER ST,19911.0
08-08-13,DYCKMAN ST,9212.0
08-08-13,FRANKLIN ST,9159.0
08-08-13,HOUSTON ST,28040.0
08-08-13,MARBLE HILL-225,7404.0
08-08-13,RECTOR ST,20801.0
08-09-13,103 ST,18067.0
08-09-13,110 ST-CATHEDRL,18702.0
08-09-13,116 ST-COLUMBIA,18759.0
08-09-13,125 ST,14780.0
08-09-13,137 ST-CITY COL,22147.0
08-09-13,14 ST,36801.0
08-09-13,145 ST,17086.0
08-09-13,157 ST,17787.0
08-09-13,168 ST-BROADWAY,22845.0
08-09-13,18 ST,12238.0
08-09-13,181 ST,20422.0
08-09-13,207 ST,8546.0
08-09-13,215 ST,2854.0
08-09-13,23 ST,26839.0
08-09-13,231 ST,10023.0
08-09-13,238 ST,3721.0
08-09-13,242 ST,9284.0
08-09-13,28 ST,22753.0
08-09-13,34 ST-PENN STA,160943.0
08-09-13,42 ST-TIMES SQ,171888.0
08-09-13,50 ST,51190.0
08-09-13,59 ST-COLUMBUS,19837.0
08-09-13,66 ST-LINCOLN,36856.0
08-09-13,72 ST,74228.0
08-09-13,79 ST,24229.0
08-09-13,86 ST,34207.0
08-09-13,96 ST,22061.0
08-09-13,CANAL ST,12365.0
08-09-13,CHAMBERS ST,32804.0
08-09-13,CHRISTOPHER ST,19938.0
08-09-13,DYCKMAN ST,9139.0
08-09-13,FRANKLIN ST,7919.0
08-09-13,HOUSTON ST,25284.0
08-09-13,MARBLE HILL-225,7018.0
08-09-13,RECTOR ST,19404.0
08-10-13,103 ST,13817.0
08-10-13,110 ST-CATHEDRL,14111.0
08-10-13,116 ST-COLUMBIA,9045.0
08-10-13,125 ST,11689.0
08-10-13,137 ST-CITY COL,17361.0
08-10-13,14 ST,27852.0
08-10-13,145 ST,14705.0
08-10-13,157 ST,14383.0
08-10-13,168 ST-BROADWAY,11204.0
08-10-13,18 ST,6606.0
08-10-13,181 ST,16418.0
08-10-13,191 ST,8584.0
08-10-13,207 ST,7372.0
08-10-13,215 ST,1673.0
08-10-13,23 ST,15905.0
08-10-13,231 ST,6919.0
08-10-13,238 ST,2348.0
08-10-13,242 ST,7107.0
08-10-13,28 ST,10940.0
08-10-13,34 ST-PENN STA,86956.0
08-10-13,42 ST-TIMES SQ,130536.0
08-10-13,50 ST,18839.0
08-10-13,59 ST-COLUMBUS,12737.0
08-10-13,66 ST-LINCOLN,15789.0
08-10-13,72 ST,63240.0
08-10-13,79 ST,17667.0
08-10-13,86 ST,23256.0
08-10-13,96 ST,15140.0
08-10-13,CANAL ST,6770.0
08-10-13,CHAMBERS ST,17509.0
08-10-13,CHRISTOPHER ST,16547.0
08-10-13,DYCKMAN ST,7428.0
08-10-13,FRANKLIN ST,3639.0
08-10-13,HOUSTON ST,9825.0
08-10-13,MARBLE HILL-225,5234.0
08-10-13,RECTOR ST,11513.0
08-11-13,103 ST,12107.0
08-11-13,110 ST-CATHEDRL,12563.0
08-11-13,116 ST-COLUMBIA,8304.0
08-11-13,125 ST,11069.0
08-11-13,137 ST-CITY COL,15879.0
08-11-13,14 ST,24941.0
08-11-13,145 ST,14416.0
08-11-13,157 ST,13210.0
08-11-13,168 ST-BROADWAY,10278.0
08-11-13,18 ST,5446.0
08-11-13,181 ST,17444.0
08-11-13,191 ST,11747.0
08-11-13,207 ST,6676.0
08-11-13,215 ST,1356.0
08-11-13,23 ST,13961.0
08-11-13,231 ST,6209.0
08-11-13,238 ST,2092.0
08-11-13,242 ST,6682.0
08-11-13,28 ST,8832.0
08-11-13,34 ST-PENN STA,77466.0
08-11-13,42 ST-TIMES SQ,119920.0
08-11-13,50 ST,22148.0
08-11-13,59 ST-COLUMBUS,13471.0
08-11-13,66 ST-LINCOLN,18459.0
08-11-13,72 ST,51811.0
08-11-13,79 ST,16066.0
08-11-13,86 ST,21336.0
08-11-13,96 ST,13658.0
08-11-13,CANAL ST,5425.0
08-11-13,CHAMBERS ST,14479.0
08-11-13,CHRISTOPHER ST,14475.0
08-11-13,DYCKMAN ST,7575.0
08-11-13,FRANKLIN ST,3305.0
08-11-13,HOUSTON ST,8215.0
08-11-13,MARBLE HILL-225,4994.0
08-11-13,RECTOR ST,10061.0
08-12-13,103 ST,16900.0
08-12-13,110 ST-CATHEDRL,16794.0
08-12-13,116 ST-COLUMBIA,18803.0
08-12-13,125 ST,14166.0
08-12-13,137 ST-CITY COL,23197.0
08-12-13,14 ST,32436.0
08-12-13,145 ST,15986.0
08-12-13,157 ST,17193.0
08-12-13,168 ST-BROADWAY,23305.0
08-12-13,18 ST,10999.0
08-12-13,181 ST,20294.0
08-12-13,191 ST,14249.0
08-12-13,207 ST,8627.0
08-12-13,215 ST,2841.0
08-12-13,23 ST,24675.0
08-12-13,231 ST,9862.0
08-12-13,238 ST,3558.0
08-12-13,242 ST,9090.0
08-12-13,28 ST,22633.0
08-12-13,34 ST-PENN STA,156138.0
08-12-13,42 ST-TIMES SQ,159163.0
08-12-13,50 ST,46093.0
08-12-13,59 ST-COLUMBUS,19259.0
08-12-13,66 ST-LINCOLN,33353.0
08-12-13,72 ST,71100.0
08-12-13,79 ST,21942.0
08-12-13,86 ST,31888.0
08-12-13,96 ST,22011.0
08-12-13,CANAL ST,11800.0
08-12-13,CHAMBERS ST,32488.0
08-12-13,CHRISTOPHER ST,16547.0
08-12-13,DYCKMAN ST,9122.0
08-12-13,FRANKLIN ST,7884.0
08-12-13,HOUSTON ST,21783.0
08-12-13,MARBLE HILL-225,6817.0
08-12-13,RECTOR ST,18810.0
08-13-13,103 ST,18081.0
08-13-13,110 ST-CATHEDRL,17226.0
08-13-13,116 ST-COLUMBIA,19692.0
08-13-13,125 ST,14269.0
08-13-13,137 ST-CITY COL,22963.0
08-13-13,14 ST,34382.0
08-13-13,145 ST,16447.0
08-13-13,157 ST,17312.0
08-13-13,168 ST-BROADWAY,24375.0
08-13-13,18 ST,11904.0
08-13-13,181 ST,19671.0
08-13-13,191 ST,14460.0
08-13-13,207 ST,8211.0
08-13-13,215 ST,2813.0
08-13-13,23 ST,25874.0
08-13-13,231 ST,9835.0
08-13-13,238 ST,3614.0
08-13-13,242 ST,9025.0
08-13-13,28 ST,23340.0
08-13-13,34 ST-PENN STA,156771.0
08-13-13,42 ST-TIMES SQ,164036.0
08-13-13,50 ST,48915.0
08-13-13,59 ST-COLUMBUS,19660.0
08-13-13,66 ST-LINCOLN,35464.0
08-13-13,72 ST,71838.0
08-13-13,79 ST,23965.0
08-13-13,86 ST,32825.0
08-13-13,96 ST,22535.0
08-13-13,CANAL ST,12274.0
08-13-13,CHAMBERS ST,33372.0
08-13-13,CHRISTOPHER ST,17105.0
08-13-13,DYCKMAN ST,8773.0
08-13-13,FRANKLIN ST,8322.0
08-13-13,HOUSTON ST,28209.0
08-13-13,MARBLE HILL-225,5906.0
08-13-13,RECTOR ST,18295.0
08-14-13,103 ST,17715.0
08-14-13,110 ST-CATHEDRL,18156.0
08-14-13,116 ST-COLUMBIA,20395.0
08-14-13,125 ST,14960.0
08-14-13,137 ST-CITY COL,23784.0
08-14-13,14 ST,38063.0
08-14-13,145 ST,17231.0
08-14-13,157 ST,18038.0
08-14-13,168 ST-BROADWAY,26753.0
08-14-13,18 ST,12515.0
08-14-13,181 ST,21365.0
08-14-13,191 ST,15085.0
08-14-13,207 ST,8931.0
08-14-13,215 ST,2857.0
08-14-13,23 ST,27597.0
08-14-13,231 ST,10935.0
08-14-13,238 ST,3891.0
08-14-13,242 ST,9660.0
08-14-13,28 ST,24501.0
08-14-13,34 ST-PENN STA,162302.0
08-14-13,42 ST-TIMES SQ,177216.0
08-14-13,50 ST,52819.0
08-14-13,59 ST-COLUMBUS,21947.0
08-14-13,66 ST-LINCOLN,36326.0
08-14-13,72 ST,76938.0
08-14-13,79 ST,24942.0
08-14-13,86 ST,34524.0
08-14-13,96 ST,23407.0
08-14-13,CANAL ST,13226.0
08-14-13,CHAMBERS ST,36551.0
08-14-13,CHRISTOPHER ST,19080.0
08-14-13,DYCKMAN ST,9251.0
08-14-13,FRANKLIN ST,8759.0
08-14-13,HOUSTON ST,27036.0
08-14-13,MARBLE HILL-225,6451.0
08-14-13,RECTOR ST,20909.0
08-15-13,103 ST,18367.0
08-15-13,110 ST-CATHEDRL,17253.0
08-15-13,116 ST-COLUMBIA,19581.0
08-15-13,125 ST,14083.0
08-15-13,137 ST-CITY COL,21853.0
08-15-13,14 ST,37463.0
08-15-13,145 ST,20265.0
08-15-13,157 ST,17849.0
08-15-13,168 ST-BROADWAY,26289.0
08-15-13,18 ST,12586.0
08-15-13,181 ST,20938.0
08-15-13,191 ST,14590.0
08-15-13,207 ST,8812.0
08-15-13,215 ST,2671.0
08-15-13,23 ST,27776.0
08-15-13,231 ST,10468.0
08-15-13,238 ST,3821.0
08-15-13,242 ST,9321.0
08-15-13,28 ST,24283.0
08-15-13,34 ST-PENN STA,162494.0
08-15-13,42 ST-TIMES SQ,177124.0
08-15-13,50 ST,50994.0
08-15-13,59 ST-COLUMBUS,21636.0
08-15-13,66 ST-LINCOLN,34687.0
08-15-13,72 ST,75702.0
08-15-13,79 ST,24519.0
08-15-13,86 ST,34510.0
08-15-13,96 ST,23001.0
08-15-13,CANAL ST,13167.0
08-15-13,CHAMBERS ST,35599.0
08-15-13,CHRISTOPHER ST,19645.0
08-15-13,DYCKMAN ST,9249.0
08-15-13,FRANKLIN ST,8513.0
08-15-13,HOUSTON ST,26536.0
08-15-13,MARBLE HILL-225,6380.0
08-15-13,RECTOR ST,20230.0
08-16-13,103 ST,18037.0
08-16-13,110 ST-CATHEDRL,18104.0
08-16-13,116 ST-COLUMBIA,17973.0
08-16-13,125 ST,15222.0
08-16-13,137 ST-CITY COL,22679.0
08-16-13,14 ST,38378.0
08-16-13,145 ST,17303.0
08-16-13,157 ST,17534.0
08-16-13,168 ST-BROADWAY,22694.0
08-16-13,18 ST,11852.0
08-16-13,181 ST,21243.0
08-16-13,191 ST,14760.0
08-16-13,207 ST,8725.0
08-16-13,215 ST,2716.0
08-16-13,23 ST,25268.0
08-16-13,231 ST,10564.0
08-16-13,238 ST,3779.0
08-16-13,242 ST,9502.0
08-16-13,28 ST,21479.0
08-16-13,34 ST-PENN STA,158109.0
08-16-13,42 ST-TIMES SQ,171868.0
08-16-13,50 ST,47871.0
08-16-13,59 ST-COLUMBUS,20296.0
08-16-13,66 ST-LINCOLN,34198.0
08-16-13,72 ST,74231.0
08-16-13,79 ST,23321.0
08-16-13,86 ST,32627.0
08-16-13,96 ST,22353.0
08-16-13,CANAL ST,11795.0
08-16-13,CHAMBERS ST,33168.0
08-16-13,CHRISTOPHER ST,20114.0
08-16-13,DYCKMAN ST,9146.0
08-16-13,FRANKLIN ST,7735.0
08-16-13,HOUSTON ST,25457.0
08-16-13,MARBLE HILL-225,6526.0
08-16-13,RECTOR ST,19475.0
08-17-13,103 ST,12569.0
08-17-13,110 ST-CATHEDRL,12659.0
08-17-13,116 ST-COLUMBIA,8398.0
08-17-13,125 ST,10348.0
08-17-13,137 ST-CITY COL,36165.0
08-17-13,14 ST,27833.0
08-17-13,145 ST,2993.0
08-17-13,157 ST,1875.0
08-17-13,168 ST-BROADWAY,12551.0
08-17-13,18 ST,6746.0
08-17-13,181 ST,3211.0
08-17-13,191 ST,2420.0
08-17-13,207 ST,1351.0
08-17-13,215 ST,285.0
08-17-13,23 ST,17399.0
08-17-13,231 ST,994.0
08-17-13,238 ST,195.0
08-17-13,242 ST,1168.0
08-17-13,28 ST,11283.0
08-17-13,34 ST-PENN STA,87143.0
08-17-13,42 ST-TIMES SQ,126911.0
08-17-13,50 ST,26496.0
08-17-13,59 ST-COLUMBUS,14351.0
08-17-13,66 ST-LINCOLN,21167.0
08-17-13,72 ST,53028.0
08-17-13,79 ST,16389.0
08-17-13,86 ST,20782.0
08-17-13,96 ST,14299.0
08-17-13,CANAL ST,6637.0
08-17-13,CHAMBERS ST,17510.0
08-17-13,CHRISTOPHER ST,17163.0
08-17-13,DYCKMAN ST,1441.0
08-17-13,FRANKLIN ST,3463.0
08-17-13,HOUSTON ST,10702.0
08-17-13,MARBLE HILL-225,817.0
08-17-13,RECTOR ST,11454.0
08-18-13,103 ST,10862.0
08-18-13,110 ST-CATHEDRL,10872.0
08-18-13,116 ST-COLUMBIA,7093.0
08-18-13,125 ST,8935.0
08-18-13,137 ST-CITY COL,29268.0
08-18-13,14 ST,23481.0
08-18-13,145 ST,18.0
,,
08-18-13,168 ST-BROADWAY,7168.0
08-18-13,18 ST,5118.0
,,
,,
08-18-13,207 ST,22.0
08-18-13,215 ST,31.0
08-18-13,23 ST,14652.0
,,
08-18-13,238 ST,27.0
,,
08-18-13,28 ST,9043.0
08-18-13,34 ST-PENN STA,73030.0
08-18-13,42 ST-TIMES SQ,108149.0
08-18-13,50 ST,23440.0
08-18-13,59 ST-COLUMBUS,12149.0
08-18-13,66 ST-LINCOLN,17403.0
08-18-13,72 ST,47323.0
08-18-13,79 ST,14415.0
08-18-13,86 ST,18735.0
08-18-13,96 ST,12989.0
08-18-13,CANAL ST,5147.0
08-18-13,CHAMBERS ST,14121.0
08-18-13,CHRISTOPHER ST,14490.0
,,
08-18-13,FRANKLIN ST,2772.0
08-18-13,HOUSTON ST,8740.0
,,
08-18-13,RECTOR ST,9828.0
08-19-13,103 ST,16514.0
08-19-13,110 ST-CATHEDRL,16113.0
08-19-13,116 ST-COLUMBIA,16673.0
08-19-13,125 ST,13021.0
08-19-13,137 ST-CITY COL,24786.0
08-19-13,14 ST,32672.0
08-19-13,145 ST,12831.0
08-19-13,157 ST,13947.0
08-19-13,168 ST-BROADWAY,21881.0
08-19-13,18 ST,10567.0
08-19-13,181 ST,16190.0
08-19-13,191 ST,11169.0
08-19-13,207 ST,6949.0
08-19-13,215 ST,2440.0
08-19-13,23 ST,23691.0
08-19-13,231 ST,8878.0
08-19-13,238 ST,3322.0
08-19-13,242 ST,8052.0
08-19-13,28 ST,22229.0
08-19-13,34 ST-PENN STA,151775.0
08-19-13,42 ST-TIMES SQ,157467.0
08-19-13,50 ST,43447.0
08-19-13,59 ST-COLUMBUS,18415.0
08-19-13,66 ST-LINCOLN,31445.0
08-19-13,72 ST,68939.0
08-19-13,79 ST,20768.0
08-19-13,86 ST,30859.0
08-19-13,96 ST,21464.0
08-19-13,CANAL ST,11161.0
08-19-13,CHAMBERS ST,32177.0
08-19-13,CHRISTOPHER ST,16124.0
08-19-13,DYCKMAN ST,7042.0
08-19-13,FRANKLIN ST,7264.0
08-19-13,HOUSTON ST,24206.0
08-19-13,MARBLE HILL-225,5377.0
08-19-13,RECTOR ST,20094.0
08-20-13,103 ST,17883.0
08-20-13,110 ST-CATHEDRL,17450.0
08-20-13,116 ST-COLUMBIA,17786.0
08-20-13,125 ST,14459.0
08-20-13,137 ST-CITY COL,23427.0
08-20-13,14 ST,35330.0
08-20-13,145 ST,16701.0
08-20-13,157 ST,17382.0
08-20-13,168 ST-BROADWAY,24326.0
08-20-13,18 ST,11907.0
08-20-13,181 ST,20167.0
08-20-13,191 ST,14093.0
08-20-13,207 ST,8310.0
08-20-13,215 ST,2728.0
08-20-13,23 ST,25532.0
08-20-13,231 ST,10195.0
08-20-13,238 ST,3689.0
08-20-13,242 ST,9982.0
08-20-13,28 ST,24088.0
08-20-13,34 ST-PENN STA,155446.0
08-20-13,42 ST-TIMES SQ,168314.0
08-20-13,50 ST,48228.0
08-20-13,59 ST-COLUMBUS,20389.0
08-20-13,66 ST-LINCOLN,34017.0
08-20-13,72 ST,72375.0
08-20-13,79 ST,22765.0
08-20-13,86 ST,32875.0
08-20-13,96 ST,22158.0
08-20-13,CANAL ST,11874.0
08-20-13,CHAMBERS ST,33783.0
08-20-13,CHRISTOPHER ST,17778.0
08-20-13,DYCKMAN ST,8817.0
08-20-13,FRANKLIN ST,8188.0
08-20-13,HOUSTON ST,25433.0
08-20-13,MARBLE HILL-225,6361.0
08-20-13,RECTOR ST,19996.0
08-21-13,103 ST,17749.0
08-21-13,110 ST-CATHEDRL,17737.0
08-21-13,116 ST-COLUMBIA,17950.0
08-21-13,125 ST,14559.0
08-21-13,137 ST-CITY COL,23194.0
08-21-13,14 ST,36917.0
08-21-13,145 ST,16559.0
08-21-13,157 ST,17635.0
08-21-13,168 ST-BROADWAY,24249.0
08-21-13,18 ST,12138.0
08-21-13,181 ST,20111.0
08-21-13,191 ST,14444.0
08-21-13,207 ST,8671.0
08-21-13,215 ST,2748.0
08-21-13,23 ST,26114.0
08-21-13,231 ST,10549.0
08-21-13,238 ST,3777.0
08-21-13,242 ST,10197.0
08-21-13,28 ST,24028.0
08-21-13,34 ST-PENN STA,157253.0
08-21-13,42 ST-TIMES SQ,171879.0
08-21-13,50 ST,50597.0
08-21-13,59 ST-COLUMBUS,21047.0
08-21-13,66 ST-LINCOLN,34932.0
08-21-13,72 ST,74530.0
08-21-13,79 ST,23125.0
08-21-13,86 ST,33722.0
08-21-13,96 ST,22624.0
08-21-13,CANAL ST,12517.0
08-21-13,CHAMBERS ST,36139.0
08-21-13,CHRISTOPHER ST,17424.0
08-21-13,DYCKMAN ST,8863.0
08-21-13,FRANKLIN ST,8327.0
08-21-13,HOUSTON ST,26620.0
08-21-13,MARBLE HILL-225,6643.0
08-21-13,RECTOR ST,20328.0
08-22-13,103 ST,17893.0
08-22-13,110 ST-CATHEDRL,17608.0
08-22-13,116 ST-COLUMBIA,18093.0
08-22-13,125 ST,14436.0
08-22-13,137 ST-CITY COL,23184.0
08-22-13,14 ST,36074.0
08-22-13,145 ST,16228.0
08-22-13,157 ST,17243.0
08-22-13,168 ST-BROADWAY,23420.0
08-22-13,18 ST,12868.0
08-22-13,181 ST,19822.0
08-22-13,191 ST,14153.0
08-22-13,207 ST,8168.0
08-22-13,215 ST,2994.0
08-22-13,23 ST,26682.0
08-22-13,231 ST,10275.0
08-22-13,238 ST,3701.0
08-22-13,242 ST,9758.0
08-22-13,28 ST,24787.0
08-22-13,34 ST-PENN STA,157163.0
08-22-13,42 ST-TIMES SQ,163222.0
08-22-13,50 ST,48791.0
08-22-13,59 ST-COLUMBUS,20195.0
08-22-13,66 ST-LINCOLN,34922.0
08-22-13,72 ST,72495.0
08-22-13,79 ST,23725.0
08-22-13,86 ST,33214.0
08-22-13,96 ST,22165.0
08-22-13,CANAL ST,12130.0
08-22-13,CHAMBERS ST,34899.0
08-22-13,CHRISTOPHER ST,17888.0
08-22-13,DYCKMAN ST,8524.0
08-22-13,FRANKLIN ST,8180.0
08-22-13,HOUSTON ST,26301.0
08-22-13,MARBLE HILL-225,6256.0
08-22-13,RECTOR ST,18306.0
08-23-13,103 ST,17742.0
08-23-13,110 ST-CATHEDRL,17527.0
08-23-13,116 ST-COLUMBIA,17701.0
08-23-13,125 ST,14937.0
08-23-13,137 ST-CITY COL,23253.0
08-23-13,14 ST,36586.0
08-23-13,145 ST,16662.0
08-23-13,157 ST,17782.0
08-23-13,168 ST-BROADWAY,22278.0
08-23-13,18 ST,12504.0
08-23-13,181 ST,20801.0
08-23-13,191 ST,14257.0
08-23-13,207 ST,8550.0
08-23-13,215 ST,2776.0
08-23-13,23 ST,26179.0
08-23-13,231 ST,10390.0
08-23-13,238 ST,3745.0
08-23-13,242 ST,9978.0
08-23-13,28 ST,23434.0
08-23-13,34 ST-PENN STA,150969.0
08-23-13,42 ST-TIMES SQ,166450.0
08-23-13,50 ST,47585.0
08-23-13,59 ST-COLUMBUS,20240.0
08-23-13,66 ST-LINCOLN,33328.0
08-23-13,72 ST,72202.0
08-23-13,79 ST,22327.0
08-23-13,86 ST,32253.0
08-23-13,96 ST,21563.0
08-23-13,CANAL ST,11438.0
08-23-13,CHAMBERS ST,33375.0
08-23-13,CHRISTOPHER ST,19331.0
08-23-13,DYCKMAN ST,8770.0
08-23-13,FRANKLIN ST,7769.0
08-23-13,HOUSTON ST,24745.0
08-23-13,MARBLE HILL-225,6678.0
08-23-13,RECTOR ST,19022.0
08-24-13,103 ST,13351.0
08-24-13,110 ST-CATHEDRL,13778.0
08-24-13,116 ST-COLUMBIA,9759.0
08-24-13,125 ST,11849.0
08-24-13,137 ST-CITY COL,17533.0
08-24-13,14 ST,31641.0
08-24-13,145 ST,14382.0
08-24-13,157 ST,14203.0
08-24-13,168 ST-BROADWAY,11589.0
08-24-13,18 ST,7201.0
08-24-13,181 ST,14843.0
08-24-13,191 ST,10925.0
08-24-13,207 ST,6995.0
08-24-13,215 ST,1531.0
08-24-13,23 ST,18138.0
08-24-13,231 ST,6727.0
08-24-13,238 ST,2263.0
08-24-13,242 ST,7776.0
08-24-13,28 ST,11642.0
08-24-13,34 ST-PENN STA,87923.0
08-24-13,42 ST-TIMES SQ,123811.0
08-24-13,50 ST,27283.0
08-24-13,59 ST-COLUMBUS,14663.0
08-24-13,66 ST-LINCOLN,21799.0
08-24-13,72 ST,54320.0
08-24-13,79 ST,16377.0
08-24-13,86 ST,21491.0
08-24-13,96 ST,14984.0
08-24-13,CANAL ST,4849.0
08-24-13,CHAMBERS ST,20278.0
08-24-13,CHRISTOPHER ST,12122.0
08-24-13,DYCKMAN ST,7532.0
08-24-13,FRANKLIN ST,2662.0
08-24-13,HOUSTON ST,7901.0
08-24-13,MARBLE HILL-225,4916.0
08-24-13,RECTOR ST,10612.0
08-25-13,103 ST,11806.0
08-25-13,110 ST-CATHEDRL,12441.0
08-25-13,116 ST-COLUMBIA,10002.0
08-25-13,125 ST,10906.0
08-25-13,137 ST-CITY COL,15700.0
08-25-13,14 ST,29149.0
08-25-13,145 ST,12893.0
08-25-13,157 ST,12358.0
08-25-13,168 ST-BROADWAY,9849.0
08-25-13,18 ST,5816.0
08-25-13,181 ST,14393.0
08-25-13,191 ST,9680.0
08-25-13,207 ST,6101.0
08-25-13,215 ST,1327.0
08-25-13,23 ST,15558.0
08-25-13,231 ST,5699.0
08-25-13,238 ST,1959.0
08-25-13,242 ST,6477.0
08-25-13,28 ST,9528.0
08-25-13,34 ST-PENN STA,76922.0
08-25-13,42 ST-TIMES SQ,108455.0
08-25-13,50 ST,24941.0
08-25-13,59 ST-COLUMBUS,13197.0
08-25-13,66 ST-LINCOLN,21002.0
08-25-13,72 ST,49606.0
08-25-13,79 ST,15318.0
08-25-13,86 ST,20683.0
08-25-13,96 ST,13451.0
08-25-13,CANAL ST,3816.0
08-25-13,CHAMBERS ST,17062.0
08-25-13,CHRISTOPHER ST,9468.0
08-25-13,DYCKMAN ST,6628.0
08-25-13,FRANKLIN ST,1978.0
08-25-13,HOUSTON ST,5445.0
08-25-13,MARBLE HILL-225,4272.0
08-25-13,RECTOR ST,8868.0
08-26-13,103 ST,16751.0
08-26-13,110 ST-CATHEDRL,17016.0
08-26-13,116 ST-COLUMBIA,21011.0
08-26-13,125 ST,14311.0
08-26-13,137 ST-CITY COL,23529.0
08-26-13,14 ST,34484.0
08-26-13,145 ST,15420.0
08-26-13,157 ST,17042.0
08-26-13,168 ST-BROADWAY,22528.0
08-26-13,18 ST,11355.0
08-26-13,181 ST,19332.0
08-26-13,191 ST,13813.0
08-26-13,207 ST,7982.0
08-26-13,215 ST,2780.0
08-26-13,23 ST,23614.0
08-26-13,231 ST,10066.0
08-26-13,238 ST,3746.0
08-26-13,242 ST,9769.0
08-26-13,28 ST,23899.0
08-26-13,34 ST-PENN STA,150309.0
08-26-13,42 ST-TIMES SQ,153927.0
08-26-13,50 ST,43787.0
08-26-13,59 ST-COLUMBUS,19290.0
08-26-13,66 ST-LINCOLN,32947.0
08-26-13,72 ST,77612.0
08-26-13,79 ST,21956.0
08-26-13,86 ST,31485.0
08-26-13,96 ST,21117.0
08-26-13,CANAL ST,11246.0
08-26-13,CHAMBERS ST,34042.0
08-26-13,CHRISTOPHER ST,15974.0
08-26-13,DYCKMAN ST,8483.0
08-26-13,FRANKLIN ST,7338.0
08-26-13,HOUSTON ST,23418.0
08-26-13,MARBLE HILL-225,6339.0
08-26-13,RECTOR ST,17559.0
08-27-13,103 ST,17715.0
08-27-13,110 ST-CATHEDRL,18063.0
08-27-13,116 ST-COLUMBIA,20040.0
08-27-13,125 ST,14795.0
08-27-13,137 ST-CITY COL,24343.0
08-27-13,14 ST,35750.0
08-27-13,145 ST,16556.0
08-27-13,157 ST,17400.0
08-27-13,168 ST-BROADWAY,24671.0
08-27-13,18 ST,11822.0
08-27-13,181 ST,21065.0
08-27-13,191 ST,14596.0
08-27-13,207 ST,8653.0
08-27-13,215 ST,2975.0
08-27-13,23 ST,25243.0
08-27-13,231 ST,10517.0
08-27-13,238 ST,3926.0
08-27-13,242 ST,10398.0
08-27-13,28 ST,25421.0
08-27-13,34 ST-PENN STA,155543.0
08-27-13,42 ST-TIMES SQ,160936.0
08-27-13,50 ST,46965.0
08-27-13,59 ST-COLUMBUS,20698.0
08-27-13,66 ST-LINCOLN,35511.0
08-27-13,72 ST,72231.0
08-27-13,79 ST,23084.0
08-27-13,86 ST,32576.0
08-27-13,96 ST,22397.0
08-27-13,CANAL ST,11837.0
08-27-13,CHAMBERS ST,37023.0
08-27-13,CHRISTOPHER ST,17166.0
08-27-13,DYCKMAN ST,9057.0
08-27-13,FRANKLIN ST,8392.0
08-27-13,HOUSTON ST,25393.0
08-27-13,MARBLE HILL-225,6568.0
08-27-13,RECTOR ST,18705.0
08-28-13,103 ST,18309.0
08-28-13,110 ST-CATHEDRL,18517.0
08-28-13,116 ST-COLUMBIA,22743.0
08-28-13,125 ST,15079.0
08-28-13,137 ST-CITY COL,29789.0
08-28-13,14 ST,36925.0
08-28-13,145 ST,16934.0
08-28-13,157 ST,17746.0
08-28-13,168 ST-BROADWAY,24451.0
08-28-13,18 ST,12672.0
08-28-13,181 ST,21308.0
08-28-13,191 ST,14841.0
08-28-13,207 ST,8834.0
08-28-13,215 ST,3057.0
08-28-13,23 ST,26490.0
08-28-13,231 ST,10631.0
08-28-13,238 ST,3968.0
08-28-13,242 ST,10465.0
08-28-13,28 ST,26206.0
08-28-13,34 ST-PENN STA,159709.0
08-28-13,42 ST-TIMES SQ,167556.0
08-28-13,50 ST,49392.0
08-28-13,59 ST-COLUMBUS,23091.0
08-28-13,66 ST-LINCOLN,36498.0
08-28-13,72 ST,71923.0
08-28-13,79 ST,23355.0
08-28-13,86 ST,34407.0
08-28-13,96 ST,22601.0
08-28-13,CANAL ST,12082.0
08-28-13,CHAMBERS ST,44069.0
08-28-13,CHRISTOPHER ST,18158.0
08-28-13,DYCKMAN ST,8939.0
08-28-13,FRANKLIN ST,8306.0
08-28-13,HOUSTON ST,25927.0
08-28-13,MARBLE HILL-225,6777.0
08-28-13,RECTOR ST,18589.0
08-29-13,103 ST,17824.0
08-29-13,110 ST-CATHEDRL,19204.0
08-29-13,116 ST-COLUMBIA,23863.0
08-29-13,125 ST,15378.0
08-29-13,137 ST-CITY COL,29434.0
08-29-13,14 ST,37637.0
08-29-13,145 ST,16678.0
08-29-13,157 ST,17870.0
08-29-13,168 ST-BROADWAY,24480.0
08-29-13,18 ST,12582.0
08-29-13,181 ST,21454.0
08-29-13,191 ST,15068.0
08-29-13,207 ST,8832.0
08-29-13,215 ST,3020.0
08-29-13,23 ST,26020.0
08-29-13,231 ST,10834.0
08-29-13,238 ST,3986.0
08-29-13,242 ST,10563.0
08-29-13,28 ST,25207.0
08-29-13,34 ST-PENN STA,159562.0
08-29-13,42 ST-TIMES SQ,163134.0
08-29-13,50 ST,47128.0
08-29-13,59 ST-COLUMBUS,23600.0
08-29-13,66 ST-LINCOLN,35972.0
08-29-13,72 ST,73625.0
08-29-13,79 ST,23919.0
08-29-13,86 ST,33817.0
08-29-13,96 ST,22723.0
08-29-13,CANAL ST,11845.0
08-29-13,CHAMBERS ST,46527.0
08-29-13,CHRISTOPHER ST,18080.0
08-29-13,DYCKMAN ST,9062.0
08-29-13,FRANKLIN ST,8146.0
08-29-13,HOUSTON ST,25524.0
08-29-13,MARBLE HILL-225,6784.0
08-29-13,RECTOR ST,18871.0
08-30-13,103 ST,17640.0
08-30-13,110 ST-CATHEDRL,19448.0
08-30-13,116 ST-COLUMBIA,20964.0
08-30-13,125 ST,15738.0
08-30-13,137 ST-CITY COL,26673.0
08-30-13,14 ST,36179.0
08-30-13,145 ST,17667.0
08-30-13,157 ST,18040.0
08-30-13,168 ST-BROADWAY,22769.0
08-30-13,18 ST,11717.0
08-30-13,181 ST,22775.0
08-30-13,191 ST,14877.0
08-30-13,207 ST,9252.0
08-30-13,215 ST,3033.0
08-30-13,23 ST,24652.0
08-30-13,231 ST,10613.0
08-30-13,238 ST,3985.0
08-30-13,242 ST,10666.0
08-30-13,28 ST,22976.0
08-30-13,34 ST-PENN STA,152872.0
08-30-13,42 ST-TIMES SQ,160324.0
08-30-13,50 ST,43043.0
08-30-13,59 ST-COLUMBUS,22421.0
08-30-13,66 ST-LINCOLN,34345.0
08-30-13,72 ST,71331.0
08-30-13,79 ST,23226.0
08-30-13,86 ST,32279.0
08-30-13,96 ST,21309.0
08-30-13,CANAL ST,10585.0
08-30-13,CHAMBERS ST,39967.0
08-30-13,CHRISTOPHER ST,18463.0
08-30-13,DYCKMAN ST,9411.0
08-30-13,FRANKLIN ST,6890.0
08-30-13,HOUSTON ST,21692.0
08-30-13,MARBLE HILL-225,6853.0
08-30-13,RECTOR ST,17211.0
08-31-13,103 ST,12920.0
08-31-13,110 ST-CATHEDRL,14874.0
08-31-13,116 ST-COLUMBIA,12359.0
08-31-13,125 ST,12669.0
08-31-13,137 ST-CITY COL,17426.0
08-31-13,14 ST,25843.0
08-31-13,145 ST,14434.0
08-31-13,157 ST,14138.0
08-31-13,168 ST-BROADWAY,11210.0
08-31-13,18 ST,6276.0
08-31-13,181 ST,16844.0
08-31-13,191 ST,10887.0
08-31-13,207 ST,7113.0
08-31-13,215 ST,1612.0
08-31-13,23 ST,16135.0
08-31-13,231 ST,6446.0
08-31-13,238 ST,2223.0
08-31-13,242 ST,7325.0
08-31-13,28 ST,11243.0
08-31-13,34 ST-PENN STA,90044.0
08-31-13,42 ST-TIMES SQ,128325.0
08-31-13,50 ST,19708.0
08-31-13,59 ST-COLUMBUS,10794.0
08-31-13,66 ST-LINCOLN,14618.0
08-31-13,72 ST,55804.0
08-31-13,79 ST,16543.0
08-31-13,86 ST,21063.0
08-31-13,96 ST,13989.0
08-31-13,CANAL ST,6492.0
08-31-13,CHAMBERS ST,17101.0
08-31-13,CHRISTOPHER ST,15286.0
08-31-13,DYCKMAN ST,7703.0
08-31-13,FRANKLIN ST,2843.0
08-31-13,HOUSTON ST,9915.0
08-31-13,MARBLE HILL-225,4791.0
08-31-13,RECTOR ST,10795.0
