STATION,BUSYNESS
1 AVE,43966.15833
103 ST,51884.47778
103 ST-CORONA,30664.51389
104 ST,3872.597222
110 ST,19464.29444
110 ST-CATHEDRL,18955.51667
110 ST-CPN,14410.25556
111 ST,21248.06944
116 ST,49131.28611
116 ST-COLUMBIA,20700.975
121 ST,3273.655556
125 ST,128455.9222
135 ST,26256.725
137 ST-CITY COL,25545.67222
138 ST-3 AVE,12171.23611
138 ST-GR CONC,5201.052778
14 ST,66645.00556
14 ST-6 AVE,34522.96667
14 ST-UNION SQ,187114.4083
145 ST,59906.525
148 ST-LENOX,6206.527778
149 ST-3 AVE,28821.11944
149 ST-GR CONC,19667.82778
14TH STREET,15882.28889
15 ST-PROSPECT,8444.469444
155 ST,9929.530556
157 ST,16647.66389
161 ST-YANKEE,38456.69722
163 ST-AMSTERDM,5521.752778
167 ST,29305.80556
168 ST-BROADWAY,37651.35
169 ST,14517.33889
170 ST,22687.93333
174 ST,12010.77222
174-175 ST,6302.636111
175 ST,18010.01389
176 ST,7915.058333
18 AVE,22958.34444
18 ST,11665.46667
181 ST,37159.36111
182-183 ST,5868.080556
183 ST,8619.322222
190 ST,6039.952778
191 ST,14660.03611
2 AVE,32818.09722
20 AVE,12508.6
207 ST,8403.791667
21 ST,13943.24722
215 ST,2759.327778
219 ST,4336.147222
22 AVE-BAY PKY,2023.8
225 ST,5336.111111
23 ST,108372.1833
23 ST-5 AVE,29762.25556
23 ST-6 AVE,44527.50278
231 ST,9012.188889
233 ST,6208.194444
238 ST,3190.230556
242 ST,8888.788889
25 AVE,5411.080556
25 ST,6688.897222
28 ST,59211.62222
28 ST-BROADWAY,21151.52778
3 AVE,12950.10833
33 ST,49078.62778
33 ST/RAWSON ST,19334.56111
34 ST-HERALD SQ,203003.4278
34 ST-PENN STA,279467.7528
36 ST,25444.11111
4 AVE,8906.938889
40 ST-LOWERY ST,18499.86667
42 ST-BRYANT PK,65777.59722
42 ST-GRD CNTRL,241724.2639
42 ST-PA BUS TE,156517.4333
42 ST-TIMES SQ,172851.7333
45 ST,10762.10833
46 ST,15618.24167
46 ST-BLISS ST,23510.11944
47-50 ST-ROCK,98629.39722
49 ST-7 AVE,42577.07222
5 AVE-53 ST,38410.21389
5 AVE-59 ST,29112.65
5 AVE-BRYANT PK,17974.66111
50 ST,79402.28333
51 ST,41141.13056
52 ST-LINCOLN,12396.32222
53 ST,9980.991667
55 ST,2864.177778
57 ST,23763.00833
57 ST-7 AVE,39119.90556
59 ST,104280.9694
59 ST-COLUMBUS,110711.9694
6 AVE,7735.736111
61 ST/WOODSIDE,29989.21667
63 DR-REGO PARK,4010.313889
65 ST,5679.527778
66 ST-LINCOLN,40404.31389
67 AVE,12124.12778
68ST-HUNTER COL,48634.825
69 ST-FISK AVE,9052.883333
7 AV-PARK SLOPE,13370.85833
7 AVE,15628.27778
7 AVE-53 ST,28079.31389
71 ST,6417.294444
72 ST,88070.71111
74 ST-BROADWAY,8049.291667
75 AVE,3587.433333
77 ST,66578.30556
79 ST,30896.20833
8 AVE,60095.93056
8 ST-B'WAY NYU,25687.525
81 ST-MUSEUM,22328.01944
82 ST-JACKSON H,30308.08611
86 ST,178043.3694
9 AVE,10688.35556
9 ST,12678.68056
90 ST-ELMHURST,23568.21389
96 ST,66179.84167
9TH STREET,8889.675
ALABAMA AVE,4430.625
ALLERTON AVE,6922.811111
AQUEDUCT TRACK,810.2133333
AQUEDUCT-N CNDT,3924.494444
ASTOR PLACE,32493.53611
ATLANTIC AVE,36624.98611
AVE H,4360.083333
AVE I,3747.294444
AVE J,8074.897222
AVE M,6729.569444
AVE N,4986.352778
AVE P,4014.988889
AVE U,17423.03611
AVE X,4422.775
BAY 50 ST,3327.141667
BAY PARKWAY,12957.66389
BAY PKY-22 AVE,11491.41389
BAY RIDGE AVE,10349.71389
BAY RIDGE-95 ST,8588.061111
BAYCHESTER AVE,3925.361111
BEACH 105 ST,597.4625
BEACH 25 ST,1736.675
BEACH 36 ST,885.4166667
BEACH 44 ST,592.1194444
BEACH 60 ST,2575.611111
BEACH 67 ST,2246.6
BEACH 90 ST,1006.891667
BEACH 98 ST,886.0916667
BEDFORD AVE,44335.01389
BEDFORD PARK BL,19482.86667
BEDFORD/NOSTRAN,11163.13611
BEEBE-39 AVE,5663.897222
BERGEN ST,23211.15278
BEVERLEY ROAD,4391.147222
BEVERLY ROAD,4592.280556
BLEECKER ST,16473.57778
BOROUGH HALL/CT,53509.15833
BOTANIC GARDEN,3773.519444
BOWERY,5453.266667
BOWLING GREEN,51778.98889
BOYD-88 ST,4444.708333
BRIGHTON BEACH,19093.65556
BROAD CHANNEL,235.5208333
BROAD ST,5561.308333
BROADWAY,5517.863889
BROADWAY-31 ST,21849.35556
BROADWAY-ENY,17428.59444
BROADWAY/LAFAY,49923.775
BRONX PARK EAST,3539.702778
BROOK AVE,10365.00833
BROOKLYN BRIDGE,38075.08889
BUHRE AVE,4288.727778
BURKE AVE,4234.769444
BURNSIDE AVE,16102.77778
BUSHWICK AVE,2589.877778
CANAL ST,114255.1306
CARROLL ST,15580.13333
CASTLE HILL AVE,9504.5
CATHEDRL-110 ST,10737.1
CENTRAL AVE,3925.625
CHAMBERS ST,102701.9
CHAUNCEY ST,3832.208333
CHRISTOPHER ST,26366.39722
CHURCH AVE,57106.21111
CITY / BUS,26940.57222
CLARK ST,10288.86944
CLASSON AVE,7776.897222
CLEVELAND ST,5858.211111
CLINTON-WASH AV,15716.58333
CORTELYOU ROAD,6329.908333
CORTLANDT ST,7741.769444
COURT SQ,20291.94167
COURT SQ-23 ST,8329.694444
CRESCENT ST,8643.766667
CROWN HTS-UTICA,41792.67222
CYPRESS AVE,5603.827778
CYPRESS HILLS,2047.097222
DEKALB AVE,37749.06667
DELANCEY ST,24905.81389
DITMARS BL-31 S,28938.63889
DITMAS AVE,7035.308333
DYCKMAN ST,10029.7
DYCKMAN-200 ST,5936.263889
DYRE AVE,8135.652778
E 143 ST,1630.369444
E 149 ST,7741.666667
E 177 ST-PARKCH,29617.95556
E 180 ST,11161.00278
E TREMONT AVE,13049.46667
EAST 105 ST,6245.025
EAST BROADWAY,20016.33889
EASTERN PKWY,9059.583333
ELDER AVE,11335.41667
ELDERTS LANE,5750.158333
ELMHURST AVE,15662.69444
ESSEX ST,13208.30556
EUCLID AVE,12278.16667
EXCHANGE PLACE,23819.09722
FAR ROCKAWAY,5550.091667
FLATBUSH AVE,29925.025
FLUSHING AVE,14900.88056
FORDHAM ROAD,29496.10556
FOREST AVE,5737.744444
FOREST HILLS-71,34212.08333
FOREST PARKWAY,5388.391667
FRANKLIN AVE,33023.13611
FRANKLIN ST,7468.111111
FREEMAN ST,7242.766667
FRESH POND ROAD,6682.222222
FT HAMILTON PKY,21223.96389
FULTON ST,83369.42778
GATES AVE,7582.836111
GRAHAM AVE,14498.45
GRAND ARMY PLAZ,10772.80278
GRAND AV-NEWTON,22445.54722
GRAND ST,51678.18056
GRAND-30 AVE,24095.65833
GRANT AVE,10395.08611
GREENPOINT AVE,11755.23611
GREENWOOD-111,3677.725
GROVE STREET,27405.65
GUN HILL ROAD,19483.49444
HALSEY ST,17779.28333
HARRISON,11557.92778
HEWES ST,3912.975
HIGH ST,14434.91667
HOUSTON ST,21738.11944
HOWARD BCH-JFK,4997.119444
HOYT ST,11414.20833
HOYT ST-ASTORIA,18880.13611
HOYT/SCHERMER,16190.41111
HUDSON-80 ST,6479.355556
HUNTERS PT AVE,8781.988889
HUNTS POINT AVE,15023.01667
INTERVALE-163,5670.994444
INWOOD-207 ST,13011.64722
JACKSON AVE,5562.638889
JAMAICA CENTER,66004.98333
JAMAICA-179 ST,28612.45278
JAMAICA-VAN WYC,8856.225
JAY ST-METROTEC,54489.75833
JEFFERSON ST,7823.463889
JFK HOWARD BCH,4170.552778
JFK JAMAICA CT1,12148.91389
JOURNAL SQUARE,33079.75833
JUNCTION BLVD,35824.48889
JUNIUS ST,2762.586111
KINGS HIGHWAY,45436.70833
KINGSBRIDGE RD,26003.71389
KINGSTON AVE,8062.586111
KINGSTON-THROOP,9726.305556
KNICKERBOCKER,6239.606061
KOSCIUSZKO ST,6636.375
LACKAWANNA,11533.17222
LAFAYETTE AVE,7094.441667
LEFFERTS BLVD,11667.24167
LEXINGTON AVE,49276.57222
LEXINGTON-53 ST,73211.35833
LGA AIRPORT CTB,448.2
LIBERTY AVE,3957.194444
LIVONIA AVE,4934.777778
LONGWOOD AVE,5794.638889
LORIMER ST,14335.15833
MAIN ST,101211.9417
MARBLE HILL-225,6196.461111
MARCY AVE,16576.175
METROPOLITAN AV,20011.525
METS-WILLETS PT,10821.31667
MIDDLETOWN ROAD,1999.4
MONTROSE AVE,10456.15
MORGAN AVE,9201.847222
MORRIS PARK,3561.775
MORRISON AVE,11092.72778
MOSHOLU PARKWAY,10802.24722
MT EDEN AVE,8966.369444
MURRAY ST-B'WAY,6735.363889
MYRTLE AVE,45914.93333
MYRTLE-WILLOUGH,6839.641667
NASSAU AV,11827.33889
NECK ROAD,4366.380556
NEPTUNE AVE,1975.786111
NEREID AVE,4596.136111
NEVINS ST,19131.61667
NEW LOTS AVE,17939.96389
NEW UTRECHT AVE,9044.383333
NEWARK BM BW,13831.19444
NEWARK C,4198.666667
NEWARK HM HE,13747.86944
NEWARK HW BMEBE,6280.052778
NEWKIRK AVE,29277.3
NORTHERN BLVD,11368.73611
NORWOOD AVE,6035.713889
NORWOOD-205 ST,13047.34722
NOSTRAND AVE,34307.77222
OCEAN PARKWAY,4719.405556
ORCHARD BEACH,325.1
OXFORD-104 ST,2667.566667
PACIFIC ST,23725.89722
PARK PLACE,9562.219444
PARKSIDE AVE,7541.383333
PARSONS BLVD,11719.26389
PATH WTC,69791.52222
PATH WTC 2,2077.213889
PAVONIA/NEWPORT,31809.45556
PELHAM BAY PARK,10709.275
PELHAM PARKWAY,16716.8
PENNSYLVANIA AV,6242.855556
PRESIDENT ST,7179.605556
PRINCE ST-B'WAY,28890.92778
PROSPECT AVE,17757.69167
PROSPECT PARK,16845.62778
QUEENS PLAZA,15984.58889
QUEENSBORO PLZ,13431.35556
RALPH AVE,7483.705556
RECTOR ST,21523.29444
RIT-MANHATTAN,3758.902778
RIT-ROOSEVELT,3846.302778
ROCKAWAY AVE,17096.70833
ROCKAWAY BLVD,10716.72222
ROCKAWAY PK 116,1403.370833
ROCKAWAY PKY,14319.01111
ROOSEVELT AVE,77615.075
ROOSEVELT IS,10157.20556
SARATOGA AVE,7335.691667
SENECA AVE,4017.05
SHEEPSHEAD BAY,22685.10833
SHEPHERD AVE,4792.525
SIMPSON ST,10445.93056
SMITH-9 ST,7167.72963
SPRING ST,37266.72778
ST LAWRENCE AVE,6967.552778
ST. GEORGE,10097.28889
STEINWAY ST,23199.83889
STERLING ST,8463.847222
STILLWELL AVE,26189.825
SUTPHIN BLVD,45038.53056
SUTTER AVE,18126.33889
THIRTY ST,15497.99167
THIRTY THIRD ST,33667.85556
TOMPKINSVILLE,667.1333333
TREMONT AVE,14349.75
TWENTY THIRD ST,14145.125
UNION ST,10837.66667
UNION TPK-KEW G,43085.05556
UTICA AVE,23319.88611
VAN ALSTON-21ST,2519.083333
VAN SICLEN AVE,14167.6
VAN WYCK BLVD,6017.719444
VERNON/JACKSON,18286.71667
W 4 ST-WASH SQ,75113.83333
W 8 ST-AQUARIUM,3459.813889
WAKEFIELD-241,8913.030556
WALL ST,75916.40278
WASHINGTON-36 A,13765.28611
WESTCHESTER SQ,10961.91111
WHITEHALL ST,17434.19722
WHITLOCK AVE,2962.552778
WILSON AVE,6665.975
WINTHROP ST,7939.833333
WOODHAVEN BLVD,39646.51944
WOODLAWN ROAD,8342.483333
WORLD TRADE CTR,15673.75
YORK ST,13892.07222
ZEREGA AVE,4473.913889